time_utc,grid_id,easting,northing,longitude,latitude,ndvi,ndvi_observed_at,ndvi_produced_at,ndvi_scene_id,ndvi_age_hours,ndbi,ndbi_observed_at,ndbi_produced_at,ndbi_scene_id,ndbi_age_hours,lst_c,lst_c_observed_at,lst_c_produced_at,lst_c_scene_id,lst_c_age_hours,no2_mol_m2,no2_mol_m2_observed_at,no2_mol_m2_produced_at,no2_mol_m2_scene_id,no2_mol_m2_age_hours,ntl,ntl_observed_at,ntl_produced_at,ntl_scene_id,ntl_age_hours,temperature_2m,relative_humidity_2m,wind_speed_10m,wind_direction_10m,boundary_layer_height,precipitation,surface_pressure,weather_time_utc,geoscf_cell_id,geoscf_pm25_ugm3,geoscf_pm25_time_window_start,geoscf_pm25_time_window_end,geoscf_pm25_available_at_utc,geoscf_pm25_latency_hours,geoscf_pm25_age_hours,geoscf_no2_ugm3,geoscf_no2_time_window_start,geoscf_no2_time_window_end,geoscf_no2_available_at_utc,geoscf_no2_latency_hours,geoscf_no2_age_hours,node_index,dist_nearest_sensor_m,no2_mol_m2_available,ntl_available,temperature_2m_available,relative_humidity_2m_available,wind_speed_10m_available,wind_direction_10m_available,boundary_layer_height_available,precipitation_available,surface_pressure_available,geoscf_pm25_ugm3_available,geoscf_no2_ugm3_available,ndvi_available,ndbi_available,lst_c_available,dist_nearest_sensor_m_available
2026-09-12 03:00:00+00:00,r0179_c0197,696650.0,9318650.0,106.77716212019793,-6.161187170134048,0.14458106,2026-09-06 03:00:01.974991+00:00,2026-09-07 10:55:03+00:00,LC09_L2SP_122064_20260906_02_T1,143.99945,0.08310886,2026-09-06 03:00:01.974991+00:00,2026-09-07 10:55:03+00:00,LC09_L2SP_122064_20260906_02_T1,143.99945,,,,,,0.00044619245,2026-09-10 06:38:43.074000+00:00,2026-09-10 07:19:46+00:00,S5P_L2_NO2____20260910T063616_20260910T064116_46164,44.354702,59.684494,2026-09-01 23:59:59+00:00,2026-09-09 11:31:30+00:00,VNP46A2.A2026244.h28v09.002.2026252113130.h5,243.00027,32.3,50.0,10.6,100.0,1515.0,0.0,1011.1,2026-09-12 03:00:00+00:00,4,63.6875,2026-09-11 08:00:00+00:00,2026-09-11 09:00:00+00:00,2026-09-11 15:21:58+00:00,6.3661112785339355,18.0,47.394222,2026-09-11 08:00:00+00:00,2026-09-11 09:00:00+00:00,2026-09-11 15:21:58+00:00,6.3661112785339355,18.0,338,183.90968,True,True,True,True,True,True,True,True,True,True,True,True,True,False,True
2026-09-12 03:00:00+00:00,r0235_c0182,695150.0,9313050.0,106.76377861077786,-6.211867054320245,0.48026863,2026-09-06 03:00:01.974991+00:00,2026-09-07 10:55:03+00:00,LC09_L2SP_122064_20260906_02_T1,143.99945,-0.11522453,2026-09-06 03:00:01.974991+00:00,2026-09-07 10:55:03+00:00,LC09_L2SP_122064_20260906_02_T1,143.99945,,,,,,0.00037143586,2026-09-10 06:38:43.074000+00:00,2026-09-10 07:19:46+00:00,S5P_L2_NO2____20260910T063616_20260910T064116_46164,44.354702,51.631466,2026-08-30 23:59:59+00:00,2026-09-07 10:32:06+00:00,VNP46A2.A2026242.h28v09.002.2026250103206.h5,291.00027,32.3,50.0,10.6,100.0,1515.0,0.0,1011.1,2026-09-12 03:00:00+00:00,4,63.6875,2026-09-11 08:00:00+00:00,2026-09-11 09:00:00+00:00,2026-09-11 15:21:58+00:00,6.3661112785339355,18.0,47.394222,2026-09-11 08:00:00+00:00,2026-09-11 09:00:00+00:00,2026-09-11 15:21:58+00:00,6.3661112785339355,18.0,607,10.929591,True,True,True,True,True,True,True,True,True,True,True,True,True,False,True
2026-09-12 03:00:00+00:00,r0334_c0285,705450.0,9303150.0,106.85715439025067,-6.301058940432821,0.25031987,2026-09-06 03:00:01.974991+00:00,2026-09-07 10:55:03+00:00,LC09_L2SP_122064_20260906_02_T1,143.99945,0.06305449,2026-09-06 03:00:01.974991+00:00,2026-09-07 10:55:03+00:00,LC09_L2SP_122064_20260906_02_T1,143.99945,,,,,,0.000119190125,2026-09-07 05:55:09.821000+00:00,2026-09-07 06:36:08+00:00,S5P_L2_NO2____20260907T055116_20260907T055616_46121,117.080605,56.717136,2026-08-30 23:59:59+00:00,2026-09-07 10:32:06+00:00,VNP46A2.A2026242.h28v09.002.2026250103206.h5,291.00027,32.3,50.0,10.6,100.0,1515.0,0.0,1011.1,2026-09-12 03:00:00+00:00,4,63.6875,2026-09-11 08:00:00+00:00,2026-09-11 09:00:00+00:00,2026-09-11 15:21:58+00:00,6.3661112785339355,18.0,47.394222,2026-09-11 08:00:00+00:00,2026-09-11 09:00:00+00:00,2026-09-11 15:21:58+00:00,6.3661112785339355,18.0,920,59.81372,True,True,True,True,True,True,True,True,True,True,True,True,True,False,True
2026-09-12 14:00:00+00:00,r0306_c0218,698750.0,9305950.0,106.79652372446786,-6.275954117459882,0.19360591,2026-09-06 03:00:01.974991+00:00,2026-09-07 10:55:03+00:00,LC09_L2SP_122064_20260906_02_T1,154.99945,0.05517242,2026-09-06 03:00:01.974991+00:00,2026-09-07 10:55:03+00:00,LC09_L2SP_122064_20260906_02_T1,154.99945,,,,,,0.00031275605,2026-09-09 06:57:29.051000+00:00,2026-09-09 07:38:36+00:00,S5P_L2_NO2____20260909T065616_20260909T070116_46150,79.04193,52.021732,2026-08-30 23:59:59+00:00,2026-09-07 10:32:06+00:00,VNP46A2.A2026242.h28v09.002.2026250103206.h5,302.00027,28.5,71.0,6.1,102.0,765.0,0.0,1011.1,2026-09-12 14:00:00+00:00,4,114.0,2026-09-11 14:00:00+00:00,2026-09-11 15:00:00+00:00,2026-09-12 13:46:13+00:00,22.77027702331543,23.0,107.48528,2026-09-11 14:00:00+00:00,2026-09-11 15:00:00+00:00,2026-09-12 13:46:13+00:00,22.77027702331543,23.0,852,147.34303,True,True,True,True,True,True,True,True,True,True,True,True,True,False,True
2026-09-12 22:00:00+00:00,r0141_c0297,706650.0,9322450.0,106.86738237718009,-6.126520967283495,-0.026252637,2026-03-14 03:00:05.325622+00:00,2026-03-15 12:40:30+00:00,LC09_L2SP_122064_20260314_02_T1,4386.9985,-0.19822541,2026-03-14 03:00:05.325622+00:00,2026-03-15 12:40:30+00:00,LC09_L2SP_122064_20260314_02_T1,4386.9985,,,,,,9.704844e-05,2026-09-11 06:20:03.619000+00:00,2026-09-11 07:01:27+00:00,S5P_L2_NO2____20260911T061616_20260911T062116_46178,39.66566,53.620308,2026-09-01 23:59:59+00:00,2026-09-09 11:31:30+00:00,VNP46A2.A2026244.h28v09.002.2026252113130.h5,262.00027,26.3,82.0,2.8,108.0,390.0,0.0,1009.9,2026-09-12 22:00:00+00:00,4,52.0,2026-09-12 08:00:00+00:00,2026-09-12 09:00:00+00:00,2026-09-12 15:22:18+00:00,6.371666431427002,13.0,35.682487,2026-09-12 08:00:00+00:00,2026-09-12 09:00:00+00:00,2026-09-12 15:22:18+00:00,6.371666431427002,13.0,75,160.59741,True,True,True,True,True,True,True,True,True,True,True,True,True,False,True
2026-09-13 00:00:00+00:00,r0141_c0286,705550.0,9322450.0,106.85744583658207,-6.126555482128606,0.14687987,2026-09-06 03:00:01.974991+00:00,2026-09-07 10:55:03+00:00,LC09_L2SP_122064_20260906_02_T1,164.99945,0.03550629,2026-09-06 03:00:01.974991+00:00,2026-09-07 10:55:03+00:00,LC09_L2SP_122064_20260906_02_T1,164.99945,,,,,,9.704844e-05,2026-09-11 06:20:03.619000+00:00,2026-09-11 07:01:27+00:00,S5P_L2_NO2____20260911T061616_20260911T062116_46178,41.66566,52.915844,2026-09-01 23:59:59+00:00,2026-09-09 11:31:30+00:00,VNP46A2.A2026244.h28v09.002.2026252113130.h5,264.00027,27.0,77.0,1.9,146.0,325.0,0.0,1011.5,2026-09-13 00:00:00+00:00,4,52.0,2026-09-12 08:00:00+00:00,2026-09-12 09:00:00+00:00,2026-09-12 15:22:18+00:00,6.371666431427002,15.0,35.682487,2026-09-12 08:00:00+00:00,2026-09-12 09:00:00+00:00,2026-09-12 15:22:18+00:00,6.371666431427002,15.0,72,203.52084,True,True,True,True,True,True,True,True,True,True,True,True,True,False,True
2026-09-13 00:00:00+00:00,r0172_c0313,708250.0,9319350.0,106.88193384616112,-6.154498660812148,0.22483255,2026-09-06 03:00:01.974991+00:00,2026-09-07 10:55:03+00:00,LC09_L2SP_122064_20260906_02_T1,164.99945,-0.0015492614,2026-09-06 03:00:01.974991+00:00,2026-09-07 10:55:03+00:00,LC09_L2SP_122064_20260906_02_T1,164.99945,,,,,,0.00017999933,2026-09-10 06:38:43.074000+00:00,2026-09-10 07:19:46+00:00,S5P_L2_NO2____20260910T063616_20260910T064116_46164,65.3547,66.08939,2026-08-30 23:59:59+00:00,2026-09-07 10:32:06+00:00,VNP46A2.A2026242.h28v09.002.2026250103206.h5,312.00027,27.0,77.0,1.9,146.0,325.0,0.0,1011.5,2026-09-13 00:00:00+00:00,5,50.8125,2026-09-12 08:00:00+00:00,2026-09-12 09:00:00+00:00,2026-09-12 15:22:18+00:00,6.371666431427002,15.0,20.139809,2026-09-12 08:00:00+00:00,2026-09-12 09:00:00+00:00,2026-09-12 15:22:18+00:00,6.371666431427002,15.0,278,165.56609,True,True,True,True,True,True,True,True,True,True,True,True,True,False,True
2026-09-13 01:00:00+00:00,r0114_c0113,688250.0,9325150.0,106.70108670102859,-6.102659986414161,0.41230503,2026-09-06 03:00:01.974991+00:00,2026-09-07 10:55:03+00:00,LC09_L2SP_122064_20260906_02_T1,165.99945,-0.18003455,2026-09-06 03:00:01.974991+00:00,2026-09-07 10:55:03+00:00,LC09_L2SP_122064_20260906_02_T1,165.99945,,,,,,0.00017080252,2026-09-11 06:20:05.299000+00:00,2026-09-11 07:01:27+00:00,S5P_L2_NO2____20260911T061616_20260911T062116_46178,42.665195,33.205723,2026-09-01 23:59:59+00:00,2026-09-09 11:31:30+00:00,VNP46A2.A2026244.h28v09.002.2026252113130.h5,265.00027,28.2,71.0,2.7,132.0,490.0,0.0,1012.2,2026-09-13 01:00:00+00:00,7,47.0,2026-09-12 08:00:00+00:00,2026-09-12 09:00:00+00:00,2026-09-12 15:22:18+00:00,6.371666431427002,16.0,11.944329,2026-09-12 08:00:00+00:00,2026-09-12 09:00:00+00:00,2026-09-12 15:22:18+00:00,6.371666431427002,16.0,14,75.91028,True,True,True,True,True,True,True,True,True,True,True,True,True,False,True
2026-09-13 04:00:00+00:00,r0192_c0340,710950.0,9317350.0,106.90638892641638,-6.172494562721259,0.28072098,2026-09-06 03:00:01.974991+00:00,2026-09-07 10:55:03+00:00,LC09_L2SP_122064_20260906_02_T1,168.99945,-0.020602899,2026-09-06 03:00:01.974991+00:00,2026-09-07 10:55:03+00:00,LC09_L2SP_122064_20260906_02_T1,168.99945,,,,,,5.436551e-05,2026-09-11 06:20:02.779000+00:00,2026-09-11 07:01:27+00:00,S5P_L2_NO2____20260911T061616_20260911T062116_46178,45.665894,55.466755,2026-08-30 23:59:59+00:00,2026-09-07 10:32:06+00:00,VNP46A2.A2026242.h28v09.002.2026250103206.h5,316.00027,33.4,43.0,11.4,106.0,1690.0,0.0,1010.7,2026-09-13 04:00:00+00:00,5,50.8125,2026-09-12 08:00:00+00:00,2026-09-12 09:00:00+00:00,2026-09-12 15:22:18+00:00,6.371666431427002,19.0,20.139809,2026-09-12 08:00:00+00:00,2026-09-12 09:00:00+00:00,2026-09-12 15:22:18+00:00,6.371666431427002,19.0,411,207.78052,True,True,True,True,True,True,True,True,True,True,True,True,True,False,True
2026-09-13 05:00:00+00:00,r0174_c0312,708150.0,9319150.0,106.88103684948723,-6.156310117523072,0.13751668,2026-09-06 03:00:01.974991+00:00,2026-09-07 10:55:03+00:00,LC09_L2SP_122064_20260906_02_T1,169.99945,0.1024857,2026-09-06 03:00:01.974991+00:00,2026-09-07 10:55:03+00:00,LC09_L2SP_122064_20260906_02_T1,169.99945,,,,,,0.00017999933,2026-09-10 06:38:43.074000+00:00,2026-09-10 07:19:46+00:00,S5P_L2_NO2____20260910T063616_20260910T064116_46164,70.3547,66.08939,2026-08-30 23:59:59+00:00,2026-09-07 10:32:06+00:00,VNP46A2.A2026242.h28v09.002.2026250103206.h5,317.00027,35.2,33.0,12.7,105.0,2005.0,0.0,1009.2,2026-09-13 05:00:00+00:00,5,50.8125,2026-09-12 08:00:00+00:00,2026-09-12 09:00:00+00:00,2026-09-12 15:22:18+00:00,6.371666431427002,20.0,20.139809,2026-09-12 08:00:00+00:00,2026-09-12 09:00:00+00:00,2026-09-12 15:22:18+00:00,6.371666431427002,20.0,304,77.03221,True,True,True,True,True,True,True,True,True,True,True,True,True,False,True
2026-09-13 09:00:00+00:00,r0324_c0341,711050.0,9304150.0,106.9077234823004,-6.291835129168551,0.255259,2026-09-06 03:00:01.974991+00:00,2026-09-07 10:55:03+00:00,LC09_L2SP_122064_20260906_02_T1,173.99945,0.09038039,2026-09-06 03:00:01.974991+00:00,2026-09-07 10:55:03+00:00,LC09_L2SP_122064_20260906_02_T1,173.99945,,,,,,7.345836e-05,2026-09-13 07:22:42.259000+00:00,2026-09-13 08:03:28+00:00,S5P_L2_NO2____20260913T072116_20260913T072616_46207,1.6215947,38.40949,2026-08-30 23:59:59+00:00,2026-09-07 10:32:06+00:00,VNP46A2.A2026242.h28v09.002.2026250103206.h5,321.00027,34.0,36.0,14.4,62.0,1420.0,0.0,1006.9,2026-09-13 09:00:00+00:00,5,50.8125,2026-09-12 08:00:00+00:00,2026-09-12 09:00:00+00:00,2026-09-12 15:22:18+00:00,6.371666431427002,24.0,20.139809,2026-09-12 08:00:00+00:00,2026-09-12 09:00:00+00:00,2026-09-12 15:22:18+00:00,6.371666431427002,24.0,897,143.2208,True,True,True,True,True,True,True,True,True,True,True,True,True,False,True
2026-09-13 10:00:00+00:00,r0143_c0133,690250.0,9322250.0,106.71923761613546,-6.128824918805009,0.19834365,2026-09-06 03:00:01.974991+00:00,2026-09-07 10:55:03+00:00,LC09_L2SP_122064_20260906_02_T1,174.99945,0.059430882,2026-09-06 03:00:01.974991+00:00,2026-09-07 10:55:03+00:00,LC09_L2SP_122064_20260906_02_T1,174.99945,,,,,,6.1288054e-05,2026-09-13 07:22:45.618000+00:00,2026-09-13 08:03:28+00:00,S5P_L2_NO2____20260913T072116_20260913T072616_46207,2.6206617,49.881313,2026-09-01 23:59:59+00:00,2026-09-09 11:31:30+00:00,VNP46A2.A2026244.h28v09.002.2026252113130.h5,274.00027,32.7,38.0,13.2,60.0,935.0,0.0,1007.4,2026-09-13 10:00:00+00:00,4,52.0,2026-09-12 08:00:00+00:00,2026-09-12 09:00:00+00:00,2026-09-12 15:22:18+00:00,6.371666431427002,25.0,35.682487,2026-09-12 08:00:00+00:00,2026-09-12 09:00:00+00:00,2026-09-12 15:22:18+00:00,6.371666431427002,25.0,86,109.73728,True,True,True,True,True,True,True,True,True,True,True,True,True,False,True
2026-09-13 11:00:00+00:00,r0129_c0322,709150.0,9323650.0,106.88992707135736,-6.115592247760547,0.11293212,2026-09-06 03:00:01.974991+00:00,2026-09-07 10:55:03+00:00,LC09_L2SP_122064_20260906_02_T1,175.99945,0.104759775,2026-09-06 03:00:01.974991+00:00,2026-09-07 10:55:03+00:00,LC09_L2SP_122064_20260906_02_T1,175.99945,,,,,,9.704844e-05,2026-09-11 06:20:03.619000+00:00,2026-09-11 07:01:27+00:00,S5P_L2_NO2____20260911T061616_20260911T062116_46178,52.66566,59.953636,2026-09-01 23:59:59+00:00,2026-09-09 11:31:30+00:00,VNP46A2.A2026244.h28v09.002.2026252113130.h5,275.00027,31.1,45.0,11.0,55.0,660.0,0.0,1008.2,2026-09-13 11:00:00+00:00,8,49.875,2026-09-12 08:00:00+00:00,2026-09-12 09:00:00+00:00,2026-09-12 15:22:18+00:00,6.371666431427002,26.0,6.6494207,2026-09-12 08:00:00+00:00,2026-09-12 09:00:00+00:00,2026-09-12 15:22:18+00:00,6.371666431427002,26.0,20,127.40305,True,True,True,True,True,True,True,True,True,True,True,True,True,False,True
2026-09-13 11:00:00+00:00,r0208_c0234,700350.0,9315750.0,106.81067754812278,-6.187295694554036,0.34466323,2026-03-14 03:00:05.325622+00:00,2026-03-15 12:40:30+00:00,LC09_L2SP_122064_20260314_02_T1,4399.9985,-0.16531703,2026-03-14 03:00:05.325622+00:00,2026-03-15 12:40:30+00:00,LC09_L2SP_122064_20260314_02_T1,4399.9985,,,,,,7.2944844e-05,2026-09-13 07:22:44.779000+00:00,2026-09-13 08:03:28+00:00,S5P_L2_NO2____20260913T072116_20260913T072616_46207,3.6208947,37.92362,2026-09-01 23:59:59+00:00,2026-09-09 11:31:30+00:00,VNP46A2.A2026244.h28v09.002.2026252113130.h5,275.00027,31.1,45.0,11.0,55.0,660.0,0.0,1008.2,2026-09-13 11:00:00+00:00,4,52.0,2026-09-12 08:00:00+00:00,2026-09-12 09:00:00+00:00,2026-09-12 15:22:18+00:00,6.371666431427002,26.0,35.682487,2026-09-12 08:00:00+00:00,2026-09-12 09:00:00+00:00,2026-09-12 15:22:18+00:00,6.371666431427002,26.0,497,136.60524,True,True,True,True,True,True,True,True,True,True,True,True,True,False,True
2026-09-13 11:00:00+00:00,r0339_c0254,702350.0,9302650.0,106.82915771834135,-6.305678724410909,0.2157858,2026-09-06 03:00:01.974991+00:00,2026-09-07 10:55:03+00:00,LC09_L2SP_122064_20260906_02_T1,175.99945,0.10293408,2026-09-06 03:00:01.974991+00:00,2026-09-07 10:55:03+00:00,LC09_L2SP_122064_20260906_02_T1,175.99945,,,,,,9.3558556e-05,2026-09-13 07:22:42.259000+00:00,2026-09-13 08:03:28+00:00,S5P_L2_NO2____20260913T072116_20260913T072616_46207,3.6215947,34.279465,2026-09-01 23:59:59+00:00,2026-09-09 11:31:30+00:00,VNP46A2.A2026244.h28v09.002.2026252113130.h5,275.00027,31.1,45.0,11.0,55.0,660.0,0.0,1008.2,2026-09-13 11:00:00+00:00,4,52.0,2026-09-12 08:00:00+00:00,2026-09-12 09:00:00+00:00,2026-09-12 15:22:18+00:00,6.371666431427002,26.0,35.682487,2026-09-12 08:00:00+00:00,2026-09-12 09:00:00+00:00,2026-09-12 15:22:18+00:00,6.371666431427002,26.0,934,141.60617,True,True,True,True,True,True,True,True,True,True,True,True,True,False,True
2026-09-13 15:00:00+00:00,r0137_c0263,703250.0,9322850.0,106.83665688745187,-6.123010414727455,0.31737605,2026-09-06 03:00:01.974991+00:00,2026-09-07 10:55:03+00:00,LC09_L2SP_122064_20260906_02_T1,179.99945,-0.07560267,2026-09-06 03:00:01.974991+00:00,2026-09-07 10:55:03+00:00,LC09_L2SP_122064_20260906_02_T1,179.99945,,,,,,0.00022319442,2026-09-11 06:20:04.459000+00:00,2026-09-11 07:01:27+00:00,S5P_L2_NO2____20260911T061616_20260911T062116_46178,56.66543,36.20991,2026-09-01 23:59:59+00:00,2026-09-09 11:31:30+00:00,VNP46A2.A2026244.h28v09.002.2026252113130.h5,279.00027,28.5,71.0,7.4,89.0,705.0,0.0,1010.8,2026-09-13 15:00:00+00:00,7,71.875,2026-09-13 02:00:00+00:00,2026-09-13 03:00:00+00:00,2026-09-13 14:47:43+00:00,11.79527759552002,12.0,28.348969,2026-09-13 02:00:00+00:00,2026-09-13 03:00:00+00:00,2026-09-13 14:47:43+00:00,11.79527759552002,12.0,51,126.60876,True,True,True,True,True,True,True,True,True,True,True,True,True,False,True
2026-09-13 15:00:00+00:00,r0252_c0260,702950.0,9311350.0,106.83430476232206,-6.22699805543531,0.20364381,2026-09-06 03:00:01.974991+00:00,2026-09-07 10:55:03+00:00,LC09_L2SP_122064_20260906_02_T1,179.99945,0.029903168,2026-09-06 03:00:01.974991+00:00,2026-09-07 10:55:03+00:00,LC09_L2SP_122064_20260906_02_T1,179.99945,,,,,,7.127511e-05,2026-09-13 07:22:43.939000+00:00,2026-09-13 08:03:28+00:00,S5P_L2_NO2____20260913T072116_20260913T072616_46207,7.621128,72.86313,2026-08-30 23:59:59+00:00,2026-09-07 10:32:06+00:00,VNP46A2.A2026242.h28v09.002.2026250103206.h5,327.00027,28.5,71.0,7.4,89.0,705.0,0.0,1010.8,2026-09-13 15:00:00+00:00,4,106.0,2026-09-13 02:00:00+00:00,2026-09-13 03:00:00+00:00,2026-09-13 14:47:43+00:00,11.79527759552002,12.0,50.34952,2026-09-13 02:00:00+00:00,2026-09-13 03:00:00+00:00,2026-09-13 14:47:43+00:00,11.79527759552002,12.0,636,145.7641,True,True,True,True,True,True,True,True,True,True,True,True,True,False,True
2026-09-13 16:00:00+00:00,r0378_c0335,710450.0,9298750.0,106.90248030586038,-6.340677358009231,0.26962852,2026-09-06 03:00:25.891422+00:00,2026-09-07 10:54:59+00:00,LC09_L2SP_122065_20260906_02_T1,180.99281,0.06495644,2026-09-06 03:00:25.891422+00:00,2026-09-07 10:54:59+00:00,LC09_L2SP_122065_20260906_02_T1,180.99281,41.70059,2026-09-06 03:00:25.891422+00:00,2026-09-07 10:54:59+00:00,LC09_L2SP_122065_20260906_02_T1,180.99281,6.625073e-05,2026-09-13 07:22:41.419000+00:00,2026-09-13 08:03:28+00:00,S5P_L2_NO2____20260913T072116_20260913T072616_46207,8.621828,33.274727,2026-09-01 23:59:59+00:00,2026-09-09 11:31:30+00:00,VNP46A2.A2026244.h28v09.002.2026252113130.h5,280.00027,28.2,73.0,5.4,98.0,715.0,0.0,1011.0,2026-09-13 16:00:00+00:00,5,28.0,2026-09-13 08:00:00+00:00,2026-09-13 09:00:00+00:00,2026-09-13 15:18:45+00:00,6.3125,7.0,17.198193,2026-09-13 08:00:00+00:00,2026-09-13 09:00:00+00:00,2026-09-13 15:18:45+00:00,6.3125,7.0,1001,146.89355,True,True,True,True,True,True,True,True,True,True,True,True,True,True,True
2026-09-13 21:00:00+00:00,r0234_c0181,695050.0,9313150.0,106.7628720858716,-6.210965872312742,0.18249911,2026-09-06 03:00:01.974991+00:00,2026-09-07 10:55:03+00:00,LC09_L2SP_122064_20260906_02_T1,185.99945,0.108373195,2026-09-06 03:00:01.974991+00:00,2026-09-07 10:55:03+00:00,LC09_L2SP_122064_20260906_02_T1,185.99945,,,,,,0.00037143586,2026-09-10 06:38:43.074000+00:00,2026-09-10 07:19:46+00:00,S5P_L2_NO2____20260910T063616_20260910T064116_46164,86.3547,51.631466,2026-08-30 23:59:59+00:00,2026-09-07 10:32:06+00:00,VNP46A2.A2026242.h28v09.002.2026250103206.h5,333.00027,26.3,78.0,4.0,180.0,130.0,0.0,1010.0,2026-09-13 21:00:00+00:00,4,28.5,2026-09-13 08:00:00+00:00,2026-09-13 09:00:00+00:00,2026-09-13 15:18:45+00:00,6.3125,12.0,31.632635,2026-09-13 08:00:00+00:00,2026-09-13 09:00:00+00:00,2026-09-13 15:18:45+00:00,6.3125,12.0,603,132.53883,True,True,True,True,True,True,True,True,True,True,True,True,True,False,True
2026-09-13 23:00:00+00:00,r0378_c0334,710350.0,9298750.0,106.90157663824553,-6.340680673966837,0.42049757,2026-09-06 03:00:25.891422+00:00,2026-09-07 10:54:59+00:00,LC09_L2SP_122065_20260906_02_T1,187.99281,-0.0959469,2026-09-06 03:00:25.891422+00:00,2026-09-07 10:54:59+00:00,LC09_L2SP_122065_20260906_02_T1,187.99281,,,,,,6.625073e-05,2026-09-13 07:22:41.419000+00:00,2026-09-13 08:03:28+00:00,S5P_L2_NO2____20260913T072116_20260913T072616_46207,15.621828,33.274727,2026-09-01 23:59:59+00:00,2026-09-09 11:31:30+00:00,VNP46A2.A2026244.h28v09.002.2026252113130.h5,287.00027,25.5,78.0,3.2,180.0,85.0,0.0,1010.6,2026-09-13 23:00:00+00:00,5,28.0,2026-09-13 08:00:00+00:00,2026-09-13 09:00:00+00:00,2026-09-13 15:18:45+00:00,6.3125,14.0,17.198193,2026-09-13 08:00:00+00:00,2026-09-13 09:00:00+00:00,2026-09-13 15:18:45+00:00,6.3125,14.0,1000,106.36782,True,True,True,True,True,True,True,True,True,True,True,True,True,False,True
2026-09-14 00:00:00+00:00,r0353_c0303,707250.0,9301250.0,106.87348123333048,-6.318179333624195,0.20340888,2026-09-06 03:00:25.891422+00:00,2026-09-07 10:54:59+00:00,LC09_L2SP_122065_20260906_02_T1,188.99281,0.08765676,2026-09-06 03:00:25.891422+00:00,2026-09-07 10:54:59+00:00,LC09_L2SP_122065_20260906_02_T1,188.99281,44.5451,2026-09-06 03:00:25.891422+00:00,2026-09-07 10:54:59+00:00,LC09_L2SP_122065_20260906_02_T1,188.99281,0.000119190125,2026-09-07 05:55:09.821000+00:00,2026-09-07 06:36:08+00:00,S5P_L2_NO2____20260907T055116_20260907T055616_46121,162.08061,33.580517,2026-09-01 23:59:59+00:00,2026-09-09 11:31:30+00:00,VNP46A2.A2026244.h28v09.002.2026252113130.h5,288.00027,27.2,67.0,2.0,153.0,300.0,0.0,1011.5,2026-09-14 00:00:00+00:00,4,28.5,2026-09-13 08:00:00+00:00,2026-09-13 09:00:00+00:00,2026-09-13 15:18:45+00:00,6.3125,15.0,31.632635,2026-09-13 08:00:00+00:00,2026-09-13 09:00:00+00:00,2026-09-13 15:18:45+00:00,6.3125,15.0,954,181.08511,True,True,True,True,True,True,True,True,True,True,True,True,True,True,True
2026-09-14 06:00:00+00:00,r0152_c0183,695250.0,9321350.0,106.76443366245394,-6.136815899115804,0.11951569,2026-09-06 03:00:01.974991+00:00,2026-09-07 10:55:03+00:00,LC09_L2SP_122064_20260906_02_T1,194.99945,0.16474493,2026-09-06 03:00:01.974991+00:00,2026-09-07 10:55:03+00:00,LC09_L2SP_122064_20260906_02_T1,194.99945,,,,,,0.00027765674,2026-09-11 06:20:04.459000+00:00,2026-09-11 07:01:27+00:00,S5P_L2_NO2____20260911T061616_20260911T062116_46178,71.66543,43.991844,2026-09-01 23:59:59+00:00,2026-09-09 11:31:30+00:00,VNP46A2.A2026244.h28v09.002.2026252113130.h5,294.00027,36.7,27.0,16.0,67.0,2400.0,0.0,1008.3,2026-09-14 06:00:00+00:00,4,28.5,2026-09-13 08:00:00+00:00,2026-09-13 09:00:00+00:00,2026-09-13 15:18:45+00:00,6.3125,21.0,31.632635,2026-09-13 08:00:00+00:00,2026-09-13 09:00:00+00:00,2026-09-13 15:18:45+00:00,6.3125,21.0,142,53.161633,True,True,True,True,True,True,True,True,True,True,True,True,True,False,True
2026-09-14 07:00:00+00:00,r0208_c0232,700150.0,9315750.0,106.80887064548668,-6.187301852898468,0.20339862,2026-09-06 03:00:01.974991+00:00,2026-09-07 10:55:03+00:00,LC09_L2SP_122064_20260906_02_T1,195.99945,0.080188885,2026-09-06 03:00:01.974991+00:00,2026-09-07 10:55:03+00:00,LC09_L2SP_122064_20260906_02_T1,195.99945,,,,,,7.2944844e-05,2026-09-13 07:22:44.779000+00:00,2026-09-13 08:03:28+00:00,S5P_L2_NO2____20260913T072116_20260913T072616_46207,23.620895,37.92362,2026-09-01 23:59:59+00:00,2026-09-09 11:31:30+00:00,VNP46A2.A2026244.h28v09.002.2026252113130.h5,295.00027,36.1,26.0,18.2,63.0,2220.0,0.0,1007.7,2026-09-14 07:00:00+00:00,4,28.5,2026-09-13 08:00:00+00:00,2026-09-13 09:00:00+00:00,2026-09-13 15:18:45+00:00,6.3125,22.0,31.632635,2026-09-13 08:00:00+00:00,2026-09-13 09:00:00+00:00,2026-09-13 15:18:45+00:00,6.3125,22.0,495,121.8771,True,True,True,True,True,True,True,True,True,True,True,True,True,False,True
2026-09-14 07:00:00+00:00,r0208_c0244,701350.0,9315750.0,106.81971203375389,-6.187264810725737,0.17050703,2026-09-06 03:00:01.974991+00:00,2026-09-07 10:55:03+00:00,LC09_L2SP_122064_20260906_02_T1,195.99945,0.038656328,2026-09-06 03:00:01.974991+00:00,2026-09-07 10:55:03+00:00,LC09_L2SP_122064_20260906_02_T1,195.99945,,,,,,7.2944844e-05,2026-09-13 07:22:44.779000+00:00,2026-09-13 08:03:28+00:00,S5P_L2_NO2____20260913T072116_20260913T072616_46207,23.620895,47.997604,2026-09-01 23:59:59+00:00,2026-09-09 11:31:30+00:00,VNP46A2.A2026244.h28v09.002.2026252113130.h5,295.00027,36.1,26.0,18.2,63.0,2220.0,0.0,1007.7,2026-09-14 07:00:00+00:00,4,28.5,2026-09-13 08:00:00+00:00,2026-09-13 09:00:00+00:00,2026-09-13 15:18:45+00:00,6.3125,22.0,31.632635,2026-09-13 08:00:00+00:00,2026-09-13 09:00:00+00:00,2026-09-13 15:18:45+00:00,6.3125,22.0,499,45.7336,True,True,True,True,True,True,True,True,True,True,True,True,True,False,True
2026-09-14 08:00:00+00:00,r0366_c0281,705050.0,9299950.0,106.85364284217884,-6.330004437489044,0.22253251,2026-09-06 03:00:25.891422+00:00,2026-09-07 10:54:59+00:00,LC09_L2SP_122065_20260906_02_T1,196.99281,0.106993265,2026-09-06 03:00:25.891422+00:00,2026-09-07 10:54:59+00:00,LC09_L2SP_122065_20260906_02_T1,196.99281,45.474117,2026-09-06 03:00:25.891422+00:00,2026-09-07 10:54:59+00:00,LC09_L2SP_122065_20260906_02_T1,196.99281,9.2617665e-05,2026-09-14 07:03:49.567000+00:00,2026-09-14 07:45:48+00:00,S5P_L2_NO2____20260914T070116_20260914T070616_46221,0.9362314,31.71151,2026-09-01 23:59:59+00:00,2026-09-09 11:31:30+00:00,VNP46A2.A2026244.h28v09.002.2026252113130.h5,296.00027,35.3,27.0,17.2,61.0,1980.0,0.0,1007.2,2026-09-14 08:00:00+00:00,4,28.5,2026-09-13 08:00:00+00:00,2026-09-13 09:00:00+00:00,2026-09-13 15:18:45+00:00,6.3125,23.0,31.632635,2026-09-13 08:00:00+00:00,2026-09-13 09:00:00+00:00,2026-09-13 15:18:45+00:00,6.3125,23.0,980,184.45308,True,True,True,True,True,True,True,True,True,True,True,True,True,True,True
2026-09-14 20:00:00+00:00,r0267_c0370,713950.0,9309850.0,106.93373730348682,-6.240204803161442,0.19061503,2026-09-06 03:00:01.974991+00:00,2026-09-07 10:55:03+00:00,LC09_L2SP_122064_20260906_02_T1,208.99945,0.072727814,2026-09-06 03:00:01.974991+00:00,2026-09-07 10:55:03+00:00,LC09_L2SP_122064_20260906_02_T1,208.99945,,,,,,8.977277e-05,2026-09-14 07:03:50.407000+00:00,2026-09-14 07:45:48+00:00,S5P_L2_NO2____20260914T070116_20260914T070616_46221,12.935998,37.702194,2026-09-03 23:59:59+00:00,2026-09-14 18:39:09+00:00,VNP46A2.A2026246.h28v09.002.2026257183909.h5,260.00027,26.2,73.0,2.7,157.0,215.0,0.0,1010.2,2026-09-14 20:00:00+00:00,5,34.6875,2026-09-14 08:00:00+00:00,2026-09-14 09:00:00+00:00,2026-09-14 15:22:13+00:00,6.3702778816223145,11.0,18.59375,2026-09-14 08:00:00+00:00,2026-09-14 09:00:00+00:00,2026-09-14 15:22:13+00:00,6.3702778816223145,11.0,701,142.27744,True,True,True,True,True,True,True,True,True,True,True,True,True,False,True
2026-09-14 20:00:00+00:00,r0270_c0163,693250.0,9309550.0,106.74671634423652,-6.243571067499737,0.21216133,2026-09-06 03:00:01.974991+00:00,2026-09-07 10:55:03+00:00,LC09_L2SP_122064_20260906_02_T1,208.99945,0.0793571,2026-09-06 03:00:01.974991+00:00,2026-09-07 10:55:03+00:00,LC09_L2SP_122064_20260906_02_T1,208.99945,,,,,,0.00011221924,2026-09-14 07:03:51.247000+00:00,2026-09-14 07:45:48+00:00,S5P_L2_NO2____20260914T070116_20260914T070616_46221,12.935764,42.29803,2026-09-03 23:59:59+00:00,2026-09-14 18:39:09+00:00,VNP46A2.A2026246.h28v09.002.2026257183909.h5,260.00027,26.2,73.0,2.7,157.0,215.0,0.0,1010.2,2026-09-14 20:00:00+00:00,4,34.875,2026-09-14 08:00:00+00:00,2026-09-14 09:00:00+00:00,2026-09-14 15:22:13+00:00,6.3702778816223145,11.0,34.259567,2026-09-14 08:00:00+00:00,2026-09-14 09:00:00+00:00,2026-09-14 15:22:13+00:00,6.3702778816223145,11.0,717,60.26203,True,True,True,True,True,True,True,True,True,True,True,True,True,False,True
2026-09-14 22:00:00+00:00,r0319_c0315,708450.0,9304650.0,106.8842139587636,-6.287399761286989,0.23320669,2026-09-06 03:00:01.974991+00:00,2026-09-07 10:55:03+00:00,LC09_L2SP_122064_20260906_02_T1,210.99945,0.09496048,2026-09-06 03:00:01.974991+00:00,2026-09-07 10:55:03+00:00,LC09_L2SP_122064_20260906_02_T1,210.99945,,,,,,9.168431e-05,2026-09-14 07:03:50.407000+00:00,2026-09-14 07:45:48+00:00,S5P_L2_NO2____20260914T070116_20260914T070616_46221,14.935998,37.397507,2026-09-04 23:59:59+00:00,2026-09-14 21:30:27+00:00,VNP46A2.A2026247.h28v09.002.2026257213027.h5,238.00027,25.7,74.0,4.2,200.0,110.0,0.0,1010.7,2026-09-14 22:00:00+00:00,5,34.6875,2026-09-14 08:00:00+00:00,2026-09-14 09:00:00+00:00,2026-09-14 15:22:13+00:00,6.3702778816223145,13.0,18.59375,2026-09-14 08:00:00+00:00,2026-09-14 09:00:00+00:00,2026-09-14 15:22:13+00:00,6.3702778816223145,13.0,884,178.16396,True,True,True,True,True,True,True,True,True,True,True,True,True,False,True
2026-09-15 00:00:00+00:00,r0333_c0209,697850.0,9303250.0,106.78847466109148,-6.300394784881362,0.41199636,2026-09-06 03:00:25.891422+00:00,2026-09-07 10:54:59+00:00,LC09_L2SP_122065_20260906_02_T1,212.99281,-0.10286895,2026-09-06 03:00:25.891422+00:00,2026-09-07 10:54:59+00:00,LC09_L2SP_122065_20260906_02_T1,212.99281,,,,,,9.673131e-05,2026-09-13 07:22:42.259000+00:00,2026-09-13 08:03:28+00:00,S5P_L2_NO2____20260913T072116_20260913T072616_46207,40.621593,54.71981,2026-09-04 23:59:59+00:00,2026-09-14 21:30:27+00:00,VNP46A2.A2026247.h28v09.002.2026257213027.h5,240.00027,27.3,67.0,5.8,206.0,365.0,0.0,1012.2,2026-09-15 00:00:00+00:00,4,34.875,2026-09-14 08:00:00+00:00,2026-09-14 09:00:00+00:00,2026-09-14 15:22:13+00:00,6.3702778816223145,15.0,34.259567,2026-09-14 08:00:00+00:00,2026-09-14 09:00:00+00:00,2026-09-14 15:22:13+00:00,6.3702778816223145,15.0,909,110.19491,True,True,True,True,True,True,True,True,True,True,True,True,True,False,True
2026-09-15 05:00:00+00:00,r0263_c0322,709150.0,9310250.0,106.89035687342242,-6.236745770887418,0.17549811,2026-09-06 03:00:01.974991+00:00,2026-09-07 10:55:03+00:00,LC09_L2SP_122064_20260906_02_T1,217.99945,0.1063931,2026-09-06 03:00:01.974991+00:00,2026-09-07 10:55:03+00:00,LC09_L2SP_122064_20260906_02_T1,217.99945,,,,,,2.664358e-05,2026-09-13 07:22:43.939000+00:00,2026-09-13 08:03:28+00:00,S5P_L2_NO2____20260913T072116_20260913T072616_46207,45.621128,44.607346,2026-09-05 23:59:59+00:00,2026-09-15 00:56:26+00:00,VNP46A2.A2026248.h28v09.002.2026258005626.h5,221.00027,35.2,28.0,5.9,70.0,2320.0,0.0,1010.5,2026-09-15 05:00:00+00:00,5,34.6875,2026-09-14 08:00:00+00:00,2026-09-14 09:00:00+00:00,2026-09-14 15:22:13+00:00,6.3702778816223145,20.0,18.59375,2026-09-14 08:00:00+00:00,2026-09-14 09:00:00+00:00,2026-09-14 15:22:13+00:00,6.3702778816223145,20.0,680,139.91887,True,True,True,True,True,True,True,True,True,True,True,True,True,False,True
2026-09-15 06:00:00+00:00,r0115_c0113,688250.0,9325050.0,106.70108955338237,-6.103564213793949,0.3598357,2026-09-06 03:00:01.974991+00:00,2026-09-07 10:55:03+00:00,LC09_L2SP_122064_20260906_02_T1,218.99945,-0.0659161,2026-09-06 03:00:01.974991+00:00,2026-09-07 10:55:03+00:00,LC09_L2SP_122064_20260906_02_T1,218.99945,,,,,,0.00017080252,2026-09-11 06:20:05.299000+00:00,2026-09-11 07:01:27+00:00,S5P_L2_NO2____20260911T061616_20260911T062116_46178,95.66519,34.961338,2026-09-06 23:59:59+00:00,2026-09-15 02:14:54+00:00,VNP46A2.A2026249.h28v09.002.2026258021454.h5,198.00027,35.2,30.0,5.7,351.0,2455.0,0.0,1009.5,2026-09-15 06:00:00+00:00,7,31.0,2026-09-14 08:00:00+00:00,2026-09-14 09:00:00+00:00,2026-09-14 15:22:13+00:00,6.3702778816223145,21.0,13.941893,2026-09-14 08:00:00+00:00,2026-09-14 09:00:00+00:00,2026-09-14 15:22:13+00:00,6.3702778816223145,21.0,17,125.03218,True,True,True,True,True,True,True,True,True,True,True,True,True,False,True
2026-09-15 06:00:00+00:00,r0180_c0232,700150.0,9318550.0,106.80878471985592,-6.161985022004573,0.19214202,2026-09-06 03:00:01.974991+00:00,2026-09-07 10:55:03+00:00,LC09_L2SP_122064_20260906_02_T1,218.99945,0.043223124,2026-09-06 03:00:01.974991+00:00,2026-09-07 10:55:03+00:00,LC09_L2SP_122064_20260906_02_T1,218.99945,,,,,,7.2944844e-05,2026-09-13 07:22:44.779000+00:00,2026-09-13 08:03:28+00:00,S5P_L2_NO2____20260913T072116_20260913T072616_46207,46.620895,55.3156,2026-09-06 23:59:59+00:00,2026-09-15 02:14:54+00:00,VNP46A2.A2026249.h28v09.002.2026258021454.h5,198.00027,35.2,30.0,5.7,351.0,2455.0,0.0,1009.5,2026-09-15 06:00:00+00:00,4,34.875,2026-09-14 08:00:00+00:00,2026-09-14 09:00:00+00:00,2026-09-14 15:22:13+00:00,6.3702778816223145,21.0,34.259567,2026-09-14 08:00:00+00:00,2026-09-14 09:00:00+00:00,2026-09-14 15:22:13+00:00,6.3702778816223145,21.0,348,144.8267,True,True,True,True,True,True,True,True,True,True,True,True,True,False,True
2026-09-15 06:00:00+00:00,r0256_c0221,699050.0,9310950.0,106.7990799721761,-6.230736075330706,,,,,,,,,,,,,,,,9.808833e-05,2026-09-14 07:03:52.087000+00:00,2026-09-14 07:45:48+00:00,S5P_L2_NO2____20260914T070116_20260914T070616_46221,22.935532,35.282753,2026-09-05 23:59:59+00:00,2026-09-15 00:56:26+00:00,VNP46A2.A2026248.h28v09.002.2026258005626.h5,222.00027,35.2,30.0,5.7,351.0,2455.0,0.0,1009.5,2026-09-15 06:00:00+00:00,4,34.875,2026-09-14 08:00:00+00:00,2026-09-14 09:00:00+00:00,2026-09-14 15:22:13+00:00,6.3702778816223145,21.0,34.259567,2026-09-14 08:00:00+00:00,2026-09-14 09:00:00+00:00,2026-09-14 15:22:13+00:00,6.3702778816223145,21.0,654,162.16298,True,True,True,True,True,True,True,True,True,True,True,False,False,False,True
2026-09-15 07:00:00+00:00,r0174_c0312,708150.0,9319150.0,106.88103684948723,-6.156310117523072,0.13751668,2026-09-06 03:00:01.974991+00:00,2026-09-07 10:55:03+00:00,LC09_L2SP_122064_20260906_02_T1,219.99945,0.1024857,2026-09-06 03:00:01.974991+00:00,2026-09-07 10:55:03+00:00,LC09_L2SP_122064_20260906_02_T1,219.99945,,,,,,8.2786886e-05,2026-09-14 07:03:52.087000+00:00,2026-09-14 07:45:48+00:00,S5P_L2_NO2____20260914T070116_20260914T070616_46221,23.935532,40.61597,2026-09-05 23:59:59+00:00,2026-09-15 00:56:26+00:00,VNP46A2.A2026248.h28v09.002.2026258005626.h5,223.00027,35.8,31.0,6.5,336.0,2680.0,0.0,1008.6,2026-09-15 07:00:00+00:00,5,34.6875,2026-09-14 08:00:00+00:00,2026-09-14 09:00:00+00:00,2026-09-14 15:22:13+00:00,6.3702778816223145,22.0,18.59375,2026-09-14 08:00:00+00:00,2026-09-14 09:00:00+00:00,2026-09-14 15:22:13+00:00,6.3702778816223145,22.0,304,77.03221,True,True,True,True,True,True,True,True,True,True,True,True,True,False,True
2026-09-15 09:00:00+00:00,r0200_c0288,705750.0,9316550.0,106.85943794644061,-6.179893926414561,0.14233519,2026-09-06 03:00:01.974991+00:00,2026-09-07 10:55:03+00:00,LC09_L2SP_122064_20260906_02_T1,221.99945,0.11191423,2026-09-06 03:00:01.974991+00:00,2026-09-07 10:55:03+00:00,LC09_L2SP_122064_20260906_02_T1,221.99945,,,,,,0.00014619413,2026-09-15 06:45:03.477000+00:00,2026-09-15 07:28:10+00:00,S5P_L2_NO2____20260915T064116_20260915T064616_46235,2.2490342,49.704567,2026-09-05 23:59:59+00:00,2026-09-15 00:56:26+00:00,VNP46A2.A2026248.h28v09.002.2026258005626.h5,225.00027,34.0,31.0,16.7,47.0,2340.0,0.0,1007.9,2026-09-15 09:00:00+00:00,4,34.875,2026-09-14 08:00:00+00:00,2026-09-14 09:00:00+00:00,2026-09-14 15:22:13+00:00,6.3702778816223145,24.0,34.259567,2026-09-14 08:00:00+00:00,2026-09-14 09:00:00+00:00,2026-09-14 15:22:13+00:00,6.3702778816223145,24.0,456,179.44333,True,True,True,True,True,True,True,True,True,True,True,True,True,False,True
2026-09-15 12:00:00+00:00,r0174_c0268,703750.0,9319150.0,106.84128844663552,-6.156448753441758,0.29794416,2026-09-06 03:00:01.974991+00:00,2026-09-07 10:55:03+00:00,LC09_L2SP_122064_20260906_02_T1,224.99945,-0.08236959,2026-09-06 03:00:01.974991+00:00,2026-09-07 10:55:03+00:00,LC09_L2SP_122064_20260906_02_T1,224.99945,,,,,,0.00023296672,2026-09-15 06:45:03.477000+00:00,2026-09-15 07:28:10+00:00,S5P_L2_NO2____20260915T064116_20260915T064616_46235,5.2490344,58.39533,2026-09-07 23:59:59+00:00,2026-09-15 10:46:39+00:00,VNP46A2.A2026250.h28v09.002.2026258104639.h5,180.00027,30.4,47.0,5.7,46.0,760.0,0.0,1010.4,2026-09-15 12:00:00+00:00,4,34.875,2026-09-14 08:00:00+00:00,2026-09-14 09:00:00+00:00,2026-09-14 15:22:13+00:00,6.3702778816223145,27.0,34.259567,2026-09-14 08:00:00+00:00,2026-09-14 09:00:00+00:00,2026-09-14 15:22:13+00:00,6.3702778816223145,27.0,300,97.21643,True,True,True,True,True,True,True,True,True,True,True,True,True,False,True
2026-09-15 16:00:00+00:00,r0269_c0163,693250.0,9309650.0,106.74671334768786,-6.24266686667578,0.29866856,2026-09-06 03:00:01.974991+00:00,2026-09-07 10:55:03+00:00,LC09_L2SP_122064_20260906_02_T1,228.99945,0.0062141675,2026-09-06 03:00:01.974991+00:00,2026-09-07 10:55:03+00:00,LC09_L2SP_122064_20260906_02_T1,228.99945,,,,,,0.00011221924,2026-09-14 07:03:51.247000+00:00,2026-09-14 07:45:48+00:00,S5P_L2_NO2____20260914T070116_20260914T070616_46221,32.935764,37.085564,2026-09-07 23:59:59+00:00,2026-09-15 10:46:39+00:00,VNP46A2.A2026250.h28v09.002.2026258104639.h5,184.00027,28.2,63.0,4.9,92.0,590.0,0.0,1012.1,2026-09-15 16:00:00+00:00,4,42.8125,2026-09-15 08:00:00+00:00,2026-09-15 09:00:00+00:00,2026-09-15 15:20:03+00:00,6.334166526794434,7.0,47.50368,2026-09-15 08:00:00+00:00,2026-09-15 09:00:00+00:00,2026-09-15 15:20:03+00:00,6.334166526794434,7.0,705,131.68071,True,True,True,True,True,True,True,True,True,True,True,True,True,False,True
2026-09-15 16:00:00+00:00,r0352_c0304,707350.0,9301350.0,106.87438162231614,-6.317271944024757,0.21546295,2026-09-06 03:00:01.974991+00:00,2026-09-07 10:55:03+00:00,LC09_L2SP_122064_20260906_02_T1,228.99945,0.06618238,2026-09-06 03:00:01.974991+00:00,2026-09-07 10:55:03+00:00,LC09_L2SP_122064_20260906_02_T1,228.99945,,,,,,0.00015171785,2026-09-15 06:45:00.957000+00:00,2026-09-15 07:28:10+00:00,S5P_L2_NO2____20260915T064116_20260915T064616_46235,9.249734,37.128315,2026-09-06 23:59:59+00:00,2026-09-15 02:14:54+00:00,VNP46A2.A2026249.h28v09.002.2026258021454.h5,208.00027,28.2,63.0,4.9,92.0,590.0,0.0,1012.1,2026-09-15 16:00:00+00:00,4,42.8125,2026-09-15 08:00:00+00:00,2026-09-15 09:00:00+00:00,2026-09-15 15:20:03+00:00,6.334166526794434,7.0,47.50368,2026-09-15 08:00:00+00:00,2026-09-15 09:00:00+00:00,2026-09-15 15:20:03+00:00,6.334166526794434,7.0,949,39.811745,True,True,True,True,True,True,True,True,True,True,True,True,True,False,True
2026-09-15 20:00:00+00:00,r0229_c0220,698950.0,9313650.0,106.79809348401308,-6.206326394456673,0.6122819,2026-03-14 03:00:05.325622+00:00,2026-03-15 12:40:30+00:00,LC09_L2SP_122064_20260314_02_T1,4456.9985,-0.21914184,2026-03-14 03:00:05.325622+00:00,2026-03-15 12:40:30+00:00,LC09_L2SP_122064_20260314_02_T1,4456.9985,,,,,,9.808833e-05,2026-09-14 07:03:52.087000+00:00,2026-09-14 07:45:48+00:00,S5P_L2_NO2____20260914T070116_20260914T070616_46221,36.93553,54.018517,2026-09-07 23:59:59+00:00,2026-09-15 10:46:39+00:00,VNP46A2.A2026250.h28v09.002.2026258104639.h5,188.00027,27.0,70.0,3.4,174.0,445.0,0.0,1010.6,2026-09-15 20:00:00+00:00,4,42.8125,2026-09-15 08:00:00+00:00,2026-09-15 09:00:00+00:00,2026-09-15 15:20:03+00:00,6.334166526794434,11.0,47.50368,2026-09-15 08:00:00+00:00,2026-09-15 09:00:00+00:00,2026-09-15 15:20:03+00:00,6.334166526794434,11.0,581,171.7796,True,True,True,True,True,True,True,True,True,True,True,True,True,False,True
2026-09-15 22:00:00+00:00,r0334_c0209,697850.0,9303150.0,106.78847775785762,-6.301298963247577,0.3843361,2026-09-06 03:00:25.891422+00:00,2026-09-07 10:54:59+00:00,LC09_L2SP_122065_20260906_02_T1,234.99281,-0.029483745,2026-09-06 03:00:25.891422+00:00,2026-09-07 10:54:59+00:00,LC09_L2SP_122065_20260906_02_T1,234.99281,,,,,,0.00017351443,2026-09-15 06:45:01.797000+00:00,2026-09-15 07:28:10+00:00,S5P_L2_NO2____20260915T064116_20260915T064616_46235,15.249501,42.677334,2026-09-07 23:59:59+00:00,2026-09-15 10:46:39+00:00,VNP46A2.A2026250.h28v09.002.2026258104639.h5,190.00027,26.3,71.0,4.4,210.0,180.0,0.0,1010.8,2026-09-15 22:00:00+00:00,4,42.8125,2026-09-15 08:00:00+00:00,2026-09-15 09:00:00+00:00,2026-09-15 15:20:03+00:00,6.334166526794434,13.0,47.50368,2026-09-15 08:00:00+00:00,2026-09-15 09:00:00+00:00,2026-09-15 15:20:03+00:00,6.334166526794434,13.0,915,84.43964,True,True,True,True,True,True,True,True,True,True,True,True,True,False,True
2026-09-16 00:00:00+00:00,r0227_c0277,704650.0,9313850.0,106.84958533259118,-6.204340676921148,0.263695,2026-03-14 03:00:05.325622+00:00,2026-03-15 12:40:30+00:00,LC09_L2SP_122064_20260314_02_T1,4460.9985,0.051565688,2026-03-14 03:00:05.325622+00:00,2026-03-15 12:40:30+00:00,LC09_L2SP_122064_20260314_02_T1,4460.9985,,,,,,0.00016808398,2026-09-15 06:45:02.637000+00:00,2026-09-15 07:28:10+00:00,S5P_L2_NO2____20260915T064116_20260915T064616_46235,17.249268,63.47612,2026-09-07 23:59:59+00:00,2026-09-15 10:46:39+00:00,VNP46A2.A2026250.h28v09.002.2026258104639.h5,192.00027,27.2,65.0,2.8,215.0,325.0,0.0,1011.8,2026-09-16 00:00:00+00:00,4,42.8125,2026-09-15 08:00:00+00:00,2026-09-15 09:00:00+00:00,2026-09-15 15:20:03+00:00,6.334166526794434,15.0,47.50368,2026-09-15 08:00:00+00:00,2026-09-15 09:00:00+00:00,2026-09-15 15:20:03+00:00,6.334166526794434,15.0,573,136.12747,True,True,True,True,True,True,True,True,True,True,True,True,True,False,True
2026-09-16 01:00:00+00:00,r0292_c0188,695750.0,9307350.0,106.76937255423042,-6.263387780134662,0.35415548,2026-09-06 03:00:01.974991+00:00,2026-09-07 10:55:03+00:00,LC09_L2SP_122064_20260906_02_T1,237.99945,-0.025926827,2026-09-06 03:00:01.974991+00:00,2026-09-07 10:55:03+00:00,LC09_L2SP_122064_20260906_02_T1,237.99945,,,,,,9.548093e-05,2026-09-14 07:03:51.247000+00:00,2026-09-14 07:45:48+00:00,S5P_L2_NO2____20260914T070116_20260914T070616_46221,41.935764,49.79375,2026-09-07 23:59:59+00:00,2026-09-15 10:46:39+00:00,VNP46A2.A2026250.h28v09.002.2026258104639.h5,193.00027,28.9,58.0,2.5,225.0,685.0,0.0,1012.2,2026-09-16 01:00:00+00:00,4,42.8125,2026-09-15 08:00:00+00:00,2026-09-15 09:00:00+00:00,2026-09-15 15:20:03+00:00,6.334166526794434,16.0,47.50368,2026-09-15 08:00:00+00:00,2026-09-15 09:00:00+00:00,2026-09-15 15:20:03+00:00,6.334166526794434,16.0,801,151.96071,True,True,True,True,True,True,True,True,True,True,True,True,True,False,True
2026-09-16 06:00:00+00:00,r0310_c0273,704250.0,9305550.0,106.84623429633413,-6.279397848715454,0.24963629,2026-09-06 03:00:01.974991+00:00,2026-09-07 10:55:03+00:00,LC09_L2SP_122064_20260906_02_T1,242.99945,0.012289759,2026-09-06 03:00:01.974991+00:00,2026-09-07 10:55:03+00:00,LC09_L2SP_122064_20260906_02_T1,242.99945,,,,,,0.00015848422,2026-09-15 06:45:01.797000+00:00,2026-09-15 07:28:10+00:00,S5P_L2_NO2____20260915T064116_20260915T064616_46235,23.2495,37.053986,2026-09-07 23:59:59+00:00,2026-09-15 10:46:39+00:00,VNP46A2.A2026250.h28v09.002.2026258104639.h5,198.00027,34.9,36.0,8.5,6.0,2030.0,0.0,1009.0,2026-09-16 06:00:00+00:00,4,42.8125,2026-09-15 08:00:00+00:00,2026-09-15 09:00:00+00:00,2026-09-15 15:20:03+00:00,6.334166526794434,21.0,47.50368,2026-09-15 08:00:00+00:00,2026-09-15 09:00:00+00:00,2026-09-15 15:20:03+00:00,6.334166526794434,21.0,863,115.760666,True,True,True,True,True,True,True,True,True,True,True,True,True,False,True
2026-09-16 09:00:00+00:00,r0172_c0342,711150.0,9319350.0,106.90813105185771,-6.154405653899036,0.15014514,2026-09-06 03:00:01.974991+00:00,2026-09-07 10:55:03+00:00,LC09_L2SP_122064_20260906_02_T1,245.99945,0.04579596,2026-09-06 03:00:01.974991+00:00,2026-09-07 10:55:03+00:00,LC09_L2SP_122064_20260906_02_T1,245.99945,,,,,,0.00018256194,2026-09-16 06:26:21.108000+00:00,2026-09-16 07:10:49+00:00,S5P_L2_NO2____20260916T062616_20260916T063116_46249,2.5608034,59.46075,2026-09-07 23:59:59+00:00,2026-09-15 10:46:39+00:00,VNP46A2.A2026250.h28v09.002.2026258104639.h5,201.00027,31.4,48.0,12.1,3.0,870.0,0.0,1008.7,2026-09-16 09:00:00+00:00,5,27.125,2026-09-15 08:00:00+00:00,2026-09-15 09:00:00+00:00,2026-09-15 15:20:03+00:00,6.334166526794434,24.0,26.37877,2026-09-15 08:00:00+00:00,2026-09-15 09:00:00+00:00,2026-09-15 15:20:03+00:00,6.334166526794434,24.0,280,37.792645,True,True,True,True,True,True,True,True,True,True,True,True,True,False,True
2026-09-16 09:00:00+00:00,r0277_c0238,700750.0,9308850.0,106.81450526466041,-6.249670968183129,,,,,,,,,,,,,,,,0.00015848422,2026-09-15 06:45:01.797000+00:00,2026-09-15 07:28:10+00:00,S5P_L2_NO2____20260915T064116_20260915T064616_46235,26.2495,54.376163,2026-09-07 23:59:59+00:00,2026-09-15 10:46:39+00:00,VNP46A2.A2026250.h28v09.002.2026258104639.h5,201.00027,31.4,48.0,12.1,3.0,870.0,0.0,1008.7,2026-09-16 09:00:00+00:00,4,42.8125,2026-09-15 08:00:00+00:00,2026-09-15 09:00:00+00:00,2026-09-15 15:20:03+00:00,6.334166526794434,24.0,47.50368,2026-09-15 08:00:00+00:00,2026-09-15 09:00:00+00:00,2026-09-15 15:20:03+00:00,6.334166526794434,24.0,750,113.73039,True,True,True,True,True,True,True,True,True,True,True,False,False,False,True
2026-09-16 12:00:00+00:00,r0221_c0339,710850.0,9314450.0,106.90557946807732,-6.19871734593034,0.12996125,2026-09-06 03:00:01.974991+00:00,2026-09-07 10:55:03+00:00,LC09_L2SP_122064_20260906_02_T1,248.99945,0.12615131,2026-09-06 03:00:01.974991+00:00,2026-09-07 10:55:03+00:00,LC09_L2SP_122064_20260906_02_T1,248.99945,,,,,,0.0005012925,2026-09-16 06:26:20.268000+00:00,2026-09-16 07:10:49+00:00,S5P_L2_NO2____20260916T062616_20260916T063116_46249,5.5610366,39.320732,2026-09-08 23:59:59+00:00,2026-09-16 10:36:59+00:00,VNP46A2.A2026251.h28v09.002.2026259103659.h5,180.00027,29.7,59.0,5.7,349.0,770.0,0.0,1010.8,2026-09-16 12:00:00+00:00,5,27.125,2026-09-15 08:00:00+00:00,2026-09-15 09:00:00+00:00,2026-09-15 15:20:03+00:00,6.334166526794434,27.0,26.37877,2026-09-15 08:00:00+00:00,2026-09-15 09:00:00+00:00,2026-09-15 15:20:03+00:00,6.334166526794434,27.0,557,105.07885,True,True,True,True,True,True,True,True,True,True,True,True,True,False,True
2026-09-16 13:00:00+00:00,r0231_c0355,712450.0,9313450.0,106.92006687440968,-6.207706320405989,0.41307503,2026-09-06 03:00:01.974991+00:00,2026-09-07 10:55:03+00:00,LC09_L2SP_122064_20260906_02_T1,249.99945,-0.055998497,2026-09-06 03:00:01.974991+00:00,2026-09-07 10:55:03+00:00,LC09_L2SP_122064_20260906_02_T1,249.99945,,,,,,0.0005012925,2026-09-16 06:26:20.268000+00:00,2026-09-16 07:10:49+00:00,S5P_L2_NO2____20260916T062616_20260916T063116_46249,6.5610366,30.98926,2026-09-08 23:59:59+00:00,2026-09-16 10:36:59+00:00,VNP46A2.A2026251.h28v09.002.2026259103659.h5,181.00027,29.2,62.0,3.1,357.0,750.0,0.0,1011.4,2026-09-16 13:00:00+00:00,5,27.125,2026-09-15 08:00:00+00:00,2026-09-15 09:00:00+00:00,2026-09-15 15:20:03+00:00,6.334166526794434,28.0,26.37877,2026-09-15 08:00:00+00:00,2026-09-15 09:00:00+00:00,2026-09-15 15:20:03+00:00,6.334166526794434,28.0,601,95.28509,True,True,True,True,True,True,True,True,True,True,True,True,True,False,True
2026-09-16 17:00:00+00:00,r0229_c0218,698750.0,9313650.0,106.796286504063,-6.2063325287254765,0.2579956,2026-09-06 03:00:01.974991+00:00,2026-09-07 10:55:03+00:00,LC09_L2SP_122064_20260906_02_T1,253.99945,0.025200106,2026-09-06 03:00:01.974991+00:00,2026-09-07 10:55:03+00:00,LC09_L2SP_122064_20260906_02_T1,253.99945,,,,,,0.00022096743,2026-09-16 06:26:21.108000+00:00,2026-09-16 07:10:49+00:00,S5P_L2_NO2____20260916T062616_20260916T063116_46249,10.560803,54.598194,2026-09-08 23:59:59+00:00,2026-09-16 10:36:59+00:00,VNP46A2.A2026251.h28v09.002.2026259103659.h5,185.00027,28.2,66.0,4.6,141.0,285.0,0.0,1011.3,2026-09-16 17:00:00+00:00,4,97.625,2026-09-16 08:00:00+00:00,2026-09-16 09:00:00+00:00,2026-09-16 15:25:13+00:00,6.4202775955200195,8.0,65.45438,2026-09-16 08:00:00+00:00,2026-09-16 09:00:00+00:00,2026-09-16 15:25:13+00:00,6.4202775955200195,8.0,579,167.44763,True,True,True,True,True,True,True,True,True,True,True,True,True,False,True
2026-09-16 20:00:00+00:00,r0148_c0100,686950.0,9321750.0,106.68943951701397,-6.133440872631114,0.15737495,2026-09-06 03:00:01.974991+00:00,2026-09-07 10:55:03+00:00,LC09_L2SP_122064_20260906_02_T1,256.99945,0.12015665,2026-09-06 03:00:01.974991+00:00,2026-09-07 10:55:03+00:00,LC09_L2SP_122064_20260906_02_T1,256.99945,,,,,,0.00010573831,2026-09-16 06:26:22.788000+00:00,2026-09-16 07:10:49+00:00,S5P_L2_NO2____20260916T062616_20260916T063116_46249,13.560337,48.18155,2026-09-08 23:59:59+00:00,2026-09-16 10:36:59+00:00,VNP46A2.A2026251.h28v09.002.2026259103659.h5,188.00027,26.9,72.0,3.0,104.0,210.0,0.0,1010.7,2026-09-16 20:00:00+00:00,4,97.625,2026-09-16 08:00:00+00:00,2026-09-16 09:00:00+00:00,2026-09-16 15:25:13+00:00,6.4202775955200195,11.0,65.45438,2026-09-16 08:00:00+00:00,2026-09-16 09:00:00+00:00,2026-09-16 15:25:13+00:00,6.4202775955200195,11.0,100,134.93088,True,True,True,True,True,True,True,True,True,True,True,True,True,False,True
2026-09-16 20:00:00+00:00,r0372_c0241,701050.0,9299350.0,106.81751447818655,-6.335557205999703,0.2741802,2026-09-06 03:00:25.891422+00:00,2026-09-07 10:54:59+00:00,LC09_L2SP_122065_20260906_02_T1,256.9928,0.061655406,2026-09-06 03:00:25.891422+00:00,2026-09-07 10:54:59+00:00,LC09_L2SP_122065_20260906_02_T1,256.9928,,,,,,0.000111055975,2026-09-14 07:03:49.567000+00:00,2026-09-14 07:45:48+00:00,S5P_L2_NO2____20260914T070116_20260914T070616_46221,60.93623,35.367813,2026-09-08 23:59:59+00:00,2026-09-16 10:36:59+00:00,VNP46A2.A2026251.h28v09.002.2026259103659.h5,188.00027,26.9,72.0,3.0,104.0,210.0,0.0,1010.7,2026-09-16 20:00:00+00:00,4,97.625,2026-09-16 08:00:00+00:00,2026-09-16 09:00:00+00:00,2026-09-16 15:25:13+00:00,6.4202775955200195,11.0,65.45438,2026-09-16 08:00:00+00:00,2026-09-16 09:00:00+00:00,2026-09-16 15:25:13+00:00,6.4202775955200195,11.0,990,96.19044,True,True,True,True,True,True,True,True,True,True,True,True,True,False,True
2026-09-16 23:00:00+00:00,r0197_c0410,717950.0,9316850.0,106.96964079032706,-6.176784749517889,0.24954678,2026-09-06 03:00:01.974991+00:00,2026-09-07 10:55:03+00:00,LC09_L2SP_122064_20260906_02_T1,259.99945,0.009421732,2026-09-06 03:00:01.974991+00:00,2026-09-07 10:55:03+00:00,LC09_L2SP_122064_20260906_02_T1,259.99945,,,,,,0.00024950728,2026-09-16 06:26:20.268000+00:00,2026-09-16 07:10:49+00:00,S5P_L2_NO2____20260916T062616_20260916T063116_46249,16.561037,51.42518,2026-09-08 23:59:59+00:00,2026-09-16 10:36:59+00:00,VNP46A2.A2026251.h28v09.002.2026259103659.h5,191.00027,25.6,81.0,3.7,166.0,105.0,0.0,1011.3,2026-09-16 23:00:00+00:00,5,53.125,2026-09-16 08:00:00+00:00,2026-09-16 09:00:00+00:00,2026-09-16 15:25:13+00:00,6.4202775955200195,14.0,40.717438,2026-09-16 08:00:00+00:00,2026-09-16 09:00:00+00:00,2026-09-16 15:25:13+00:00,6.4202775955200195,14.0,448,76.00112,True,True,True,True,True,True,True,True,True,True,True,True,True,False,True
2026-09-17 02:00:00+00:00,r0254_c0223,699250.0,9311150.0,106.80088086701389,-6.228921558211234,0.4217685,2026-03-14 03:00:05.325622+00:00,2026-03-15 12:40:30+00:00,LC09_L2SP_122064_20260314_02_T1,4486.9985,-0.11132887,2026-03-14 03:00:05.325622+00:00,2026-03-15 12:40:30+00:00,LC09_L2SP_122064_20260314_02_T1,4486.9985,,,,,,0.00022096743,2026-09-16 06:26:21.108000+00:00,2026-09-16 07:10:49+00:00,S5P_L2_NO2____20260916T062616_20260916T063116_46249,19.560802,99.218605,2026-09-08 23:59:59+00:00,2026-09-16 10:36:59+00:00,VNP46A2.A2026251.h28v09.002.2026259103659.h5,194.00027,30.6,54.0,0.9,323.0,1030.0,0.0,1012.3,2026-09-17 02:00:00+00:00,4,97.625,2026-09-16 08:00:00+00:00,2026-09-16 09:00:00+00:00,2026-09-16 15:25:13+00:00,6.4202775955200195,17.0,65.45438,2026-09-16 08:00:00+00:00,2026-09-16 09:00:00+00:00,2026-09-16 15:25:13+00:00,6.4202775955200195,17.0,647,135.037,True,True,True,True,True,True,True,True,True,True,True,True,True,False,True
2026-09-17 03:00:00+00:00,r0352_c0304,707350.0,9301350.0,106.87438162231614,-6.317271944024757,0.21546295,2026-09-06 03:00:01.974991+00:00,2026-09-07 10:55:03+00:00,LC09_L2SP_122064_20260906_02_T1,263.99945,0.06618238,2026-09-06 03:00:01.974991+00:00,2026-09-07 10:55:03+00:00,LC09_L2SP_122064_20260906_02_T1,263.99945,,,,,,0.00015171785,2026-09-15 06:45:00.957000+00:00,2026-09-15 07:28:10+00:00,S5P_L2_NO2____20260915T064116_20260915T064616_46235,44.249733,30.716646,2026-09-08 23:59:59+00:00,2026-09-16 10:36:59+00:00,VNP46A2.A2026251.h28v09.002.2026259103659.h5,195.00027,32.2,47.0,1.4,320.0,1300.0,0.0,1011.5,2026-09-17 03:00:00+00:00,4,97.625,2026-09-16 08:00:00+00:00,2026-09-16 09:00:00+00:00,2026-09-16 15:25:13+00:00,6.4202775955200195,18.0,65.45438,2026-09-16 08:00:00+00:00,2026-09-16 09:00:00+00:00,2026-09-16 15:25:13+00:00,6.4202775955200195,18.0,949,39.811745,True,True,True,True,True,True,True,True,True,True,True,True,True,False,True
2026-09-17 04:00:00+00:00,r0231_c0218,698750.0,9313450.0,106.7962926315014,-6.20814088411178,0.20893273,2026-09-06 03:00:01.974991+00:00,2026-09-07 10:55:03+00:00,LC09_L2SP_122064_20260906_02_T1,264.99945,0.08395011,2026-09-06 03:00:01.974991+00:00,2026-09-07 10:55:03+00:00,LC09_L2SP_122064_20260906_02_T1,264.99945,,,,,,0.00022096743,2026-09-16 06:26:21.108000+00:00,2026-09-16 07:10:49+00:00,S5P_L2_NO2____20260916T062616_20260916T063116_46249,21.560802,54.598194,2026-09-08 23:59:59+00:00,2026-09-16 10:36:59+00:00,VNP46A2.A2026251.h28v09.002.2026259103659.h5,196.00027,33.6,42.0,3.3,347.0,1610.0,0.0,1010.4,2026-09-17 04:00:00+00:00,4,97.625,2026-09-16 08:00:00+00:00,2026-09-16 09:00:00+00:00,2026-09-16 15:25:13+00:00,6.4202775955200195,19.0,65.45438,2026-09-16 08:00:00+00:00,2026-09-16 09:00:00+00:00,2026-09-16 15:25:13+00:00,6.4202775955200195,19.0,597,115.11685,True,True,True,True,True,True,True,True,True,True,True,True,True,False,True
2026-09-17 06:00:00+00:00,r0271_c0226,699550.0,9309450.0,106.80364398997793,-6.244283239099715,,,,,,,,,,,,,,,,9.548093e-05,2026-09-14 07:03:51.247000+00:00,2026-09-14 07:45:48+00:00,S5P_L2_NO2____20260914T070116_20260914T070616_46221,70.93577,64.17559,2026-09-08 23:59:59+00:00,2026-09-16 10:36:59+00:00,VNP46A2.A2026251.h28v09.002.2026259103659.h5,198.00027,34.3,42.0,8.8,358.0,1680.0,0.1,1008.5,2026-09-17 06:00:00+00:00,4,97.625,2026-09-16 08:00:00+00:00,2026-09-16 09:00:00+00:00,2026-09-16 15:25:13+00:00,6.4202775955200195,21.0,65.45438,2026-09-16 08:00:00+00:00,2026-09-16 09:00:00+00:00,2026-09-16 15:25:13+00:00,6.4202775955200195,21.0,743,156.52385,True,True,True,True,True,True,True,True,True,True,True,False,False,False,True
2026-09-17 07:00:00+00:00,r0158_c0391,716050.0,9320750.0,106.952348201169,-6.141588207105714,0.20716393,2026-09-06 03:00:01.974991+00:00,2026-09-07 10:55:03+00:00,LC09_L2SP_122064_20260906_02_T1,267.99945,0.07414917,2026-09-06 03:00:01.974991+00:00,2026-09-07 10:55:03+00:00,LC09_L2SP_122064_20260906_02_T1,267.99945,,,,,,0.00016063137,2026-09-16 06:26:21.108000+00:00,2026-09-16 07:10:49+00:00,S5P_L2_NO2____20260916T062616_20260916T063116_46249,24.560802,31.074947,2026-09-08 23:59:59+00:00,2026-09-16 10:36:59+00:00,VNP46A2.A2026251.h28v09.002.2026259103659.h5,199.00027,32.8,49.0,13.7,360.0,1145.0,0.6,1008.0,2026-09-17 07:00:00+00:00,5,53.125,2026-09-16 08:00:00+00:00,2026-09-16 09:00:00+00:00,2026-09-16 15:25:13+00:00,6.4202775955200195,22.0,40.717438,2026-09-16 08:00:00+00:00,2026-09-16 09:00:00+00:00,2026-09-16 15:25:13+00:00,6.4202775955200195,22.0,192,104.52794,True,True,True,True,True,True,True,True,True,True,True,True,True,False,True
2026-09-17 08:00:00+00:00,r0131_c0322,709150.0,9323450.0,106.8899334231491,-6.117400513551234,0.125417,2026-09-06 03:00:01.974991+00:00,2026-09-07 10:55:03+00:00,LC09_L2SP_122064_20260906_02_T1,268.99945,0.13392302,2026-09-06 03:00:01.974991+00:00,2026-09-07 10:55:03+00:00,LC09_L2SP_122064_20260906_02_T1,268.99945,,,,,,0.0001954041,2026-09-16 06:26:21.948000+00:00,2026-09-16 07:10:49+00:00,S5P_L2_NO2____20260916T062616_20260916T063116_46249,25.56057,58.342064,2026-09-08 23:59:59+00:00,2026-09-16 10:36:59+00:00,VNP46A2.A2026251.h28v09.002.2026259103659.h5,200.00027,31.8,52.0,12.9,9.0,800.0,0.2,1007.6,2026-09-17 08:00:00+00:00,8,34.25,2026-09-16 08:00:00+00:00,2026-09-16 09:00:00+00:00,2026-09-16 15:25:13+00:00,6.4202775955200195,23.0,8.332298,2026-09-16 08:00:00+00:00,2026-09-16 09:00:00+00:00,2026-09-16 15:25:13+00:00,6.4202775955200195,23.0,29,179.93823,True,True,True,True,True,True,True,True,True,True,True,True,True,False,True
2026-09-17 11:00:00+00:00,r0181_c0130,689950.0,9318450.0,106.71663757501969,-6.163193911496242,0.49089703,2026-09-06 03:00:01.974991+00:00,2026-09-07 10:55:03+00:00,LC09_L2SP_122064_20260906_02_T1,271.99945,-0.14013948,2026-09-06 03:00:01.974991+00:00,2026-09-07 10:55:03+00:00,LC09_L2SP_122064_20260906_02_T1,271.99945,,,,,,0.00012481319,2026-09-16 06:26:21.948000+00:00,2026-09-16 07:10:49+00:00,S5P_L2_NO2____20260916T062616_20260916T063116_46249,28.56057,37.667995,2026-09-08 23:59:59+00:00,2026-09-16 10:36:59+00:00,VNP46A2.A2026251.h28v09.002.2026259103659.h5,203.00027,29.5,63.0,8.2,14.0,680.0,0.0,1008.7,2026-09-17 11:00:00+00:00,4,97.625,2026-09-16 08:00:00+00:00,2026-09-16 09:00:00+00:00,2026-09-16 15:25:13+00:00,6.4202775955200195,26.0,65.45438,2026-09-16 08:00:00+00:00,2026-09-16 09:00:00+00:00,2026-09-16 15:25:13+00:00,6.4202775955200195,26.0,352,135.69472,True,True,True,True,True,True,True,True,True,True,True,True,True,False,True
2026-09-17 17:00:00+00:00,r0135_c0264,703350.0,9323050.0,106.83755403482685,-6.121199001854158,0.090951644,2026-09-06 03:00:01.974991+00:00,2026-09-07 10:55:03+00:00,LC09_L2SP_122064_20260906_02_T1,277.99945,-0.062158205,2026-09-06 03:00:01.974991+00:00,2026-09-07 10:55:03+00:00,LC09_L2SP_122064_20260906_02_T1,277.99945,,,,,,0.0002602977,2026-09-16 06:26:21.948000+00:00,2026-09-16 07:10:49+00:00,S5P_L2_NO2____20260916T062616_20260916T063116_46249,34.56057,44.35299,2026-09-08 23:59:59+00:00,2026-09-16 10:36:59+00:00,VNP46A2.A2026251.h28v09.002.2026259103659.h5,209.00027,28.1,70.0,3.8,135.0,280.0,0.0,1010.7,2026-09-17 17:00:00+00:00,7,157.0,2026-09-17 08:00:00+00:00,2026-09-17 09:00:00+00:00,2026-09-17 15:22:41+00:00,6.378055572509766,8.0,30.75699,2026-09-17 08:00:00+00:00,2026-09-17 09:00:00+00:00,2026-09-17 15:22:41+00:00,6.378055572509766,8.0,43,137.99542,True,True,True,True,True,True,True,True,True,True,True,True,True,False,True
2026-09-17 22:00:00+00:00,r0155_c0353,712250.0,9321050.0,106.91801275154486,-6.139000049939916,0.17725876,2026-09-06 03:00:01.974991+00:00,2026-09-07 10:55:03+00:00,LC09_L2SP_122064_20260906_02_T1,282.99945,0.049367197,2026-09-06 03:00:01.974991+00:00,2026-09-07 10:55:03+00:00,LC09_L2SP_122064_20260906_02_T1,282.99945,,,,,,8.670639e-05,2026-09-17 06:07:45.260000+00:00,2026-09-17 06:50:02+00:00,S5P_L2_NO2____20260917T060616_20260917T061116_46263,15.870761,49.584885,2026-09-09 23:59:59+00:00,2026-09-17 10:51:58+00:00,VNP46A2.A2026252.h28v09.002.2026260105158.h5,190.00027,26.6,79.0,3.3,96.0,250.0,0.0,1010.0,2026-09-17 22:00:00+00:00,5,107.0,2026-09-17 08:00:00+00:00,2026-09-17 09:00:00+00:00,2026-09-17 15:22:41+00:00,6.378055572509766,13.0,51.006256,2026-09-17 08:00:00+00:00,2026-09-17 09:00:00+00:00,2026-09-17 15:22:41+00:00,6.378055572509766,13.0,166,119.45702,True,True,True,True,True,True,True,True,True,True,True,True,True,False,True
2026-09-18 02:00:00+00:00,r0179_c0411,718050.0,9318650.0,106.97048402510593,-6.160507819328983,0.37030327,2026-09-06 03:00:01.974991+00:00,2026-09-07 10:55:03+00:00,LC09_L2SP_122064_20260906_02_T1,286.99945,-0.14886512,2026-09-06 03:00:01.974991+00:00,2026-09-07 10:55:03+00:00,LC09_L2SP_122064_20260906_02_T1,286.99945,,,,,,0.00024950728,2026-09-16 06:26:20.268000+00:00,2026-09-16 07:10:49+00:00,S5P_L2_NO2____20260916T062616_20260916T063116_46249,43.561035,37.93725,2026-09-09 23:59:59+00:00,2026-09-17 10:51:58+00:00,VNP46A2.A2026252.h28v09.002.2026260105158.h5,194.00027,30.3,60.0,7.3,97.0,1075.0,0.1,1011.5,2026-09-18 02:00:00+00:00,5,107.0,2026-09-17 08:00:00+00:00,2026-09-17 09:00:00+00:00,2026-09-17 15:22:41+00:00,6.378055572509766,17.0,51.006256,2026-09-17 08:00:00+00:00,2026-09-17 09:00:00+00:00,2026-09-17 15:22:41+00:00,6.378055572509766,17.0,344,185.9831,True,True,True,True,True,True,True,True,True,True,True,True,True,False,True
2026-09-18 05:00:00+00:00,r0168_c0394,716350.0,9319750.0,106.95509111143761,-6.150619280257487,0.33996838,2026-09-06 03:00:01.974991+00:00,2026-09-07 10:55:03+00:00,LC09_L2SP_122064_20260906_02_T1,289.99945,-0.07584543,2026-09-06 03:00:01.974991+00:00,2026-09-07 10:55:03+00:00,LC09_L2SP_122064_20260906_02_T1,289.99945,,,,,,0.00024950728,2026-09-16 06:26:20.268000+00:00,2026-09-16 07:10:49+00:00,S5P_L2_NO2____20260916T062616_20260916T063116_46249,46.561035,41.711643,2026-09-09 23:59:59+00:00,2026-09-17 10:51:58+00:00,VNP46A2.A2026252.h28v09.002.2026260105158.h5,197.00027,34.5,43.0,5.5,17.0,1640.0,0.1,1008.6,2026-09-18 05:00:00+00:00,5,107.0,2026-09-17 08:00:00+00:00,2026-09-17 09:00:00+00:00,2026-09-17 15:22:41+00:00,6.378055572509766,20.0,51.006256,2026-09-17 08:00:00+00:00,2026-09-17 09:00:00+00:00,2026-09-17 15:22:41+00:00,6.378055572509766,20.0,235,112.688225,True,True,True,True,True,True,True,True,True,True,True,True,True,False,True
2026-09-18 08:00:00+00:00,r0205_c0181,695050.0,9316050.0,106.76278502534979,-6.184744231048654,0.42620978,2026-03-14 03:00:05.325622+00:00,2026-03-15 12:40:30+00:00,LC09_L2SP_122064_20260314_02_T1,4516.9985,-0.0950359,2026-03-14 03:00:05.325622+00:00,2026-03-15 12:40:30+00:00,LC09_L2SP_122064_20260314_02_T1,4516.9985,,,,,,0.00041406072,2026-09-15 06:45:03.477000+00:00,2026-09-15 07:28:10+00:00,S5P_L2_NO2____20260915T064116_20260915T064616_46235,73.24903,55.258884,2026-09-08 23:59:59+00:00,2026-09-16 10:36:59+00:00,VNP46A2.A2026251.h28v09.002.2026259103659.h5,224.00027,31.1,58.0,13.3,359.0,875.0,0.5,1007.5,2026-09-18 08:00:00+00:00,4,174.0,2026-09-17 08:00:00+00:00,2026-09-17 09:00:00+00:00,2026-09-17 15:22:41+00:00,6.378055572509766,23.0,81.763245,2026-09-17 08:00:00+00:00,2026-09-17 09:00:00+00:00,2026-09-17 15:22:41+00:00,6.378055572509766,23.0,481,89.24208,True,True,True,True,True,True,True,True,True,True,True,True,True,False,True
2026-09-18 11:00:00+00:00,r0136_c0265,703450.0,9322950.0,106.83846045229227,-6.1221000672710195,0.26490793,2026-09-06 03:00:01.974991+00:00,2026-09-07 10:55:03+00:00,LC09_L2SP_122064_20260906_02_T1,295.99945,0.004377432,2026-09-06 03:00:01.974991+00:00,2026-09-07 10:55:03+00:00,LC09_L2SP_122064_20260906_02_T1,295.99945,,,,,,0.0002602977,2026-09-16 06:26:21.948000+00:00,2026-09-16 07:10:49+00:00,S5P_L2_NO2____20260916T062616_20260916T063116_46249,52.56057,44.35299,2026-09-08 23:59:59+00:00,2026-09-16 10:36:59+00:00,VNP46A2.A2026251.h28v09.002.2026259103659.h5,227.00027,29.8,64.0,7.2,18.0,720.0,0.0,1008.5,2026-09-18 11:00:00+00:00,7,157.0,2026-09-17 08:00:00+00:00,2026-09-17 09:00:00+00:00,2026-09-17 15:22:41+00:00,6.378055572509766,26.0,30.75699,2026-09-17 08:00:00+00:00,2026-09-17 09:00:00+00:00,2026-09-17 15:22:41+00:00,6.378055572509766,26.0,50,97.38488,True,True,True,True,True,True,True,True,True,True,True,True,True,False,True
2026-09-18 14:00:00+00:00,r0184_c0208,697750.0,9318150.0,106.78711488088703,-6.165674875416456,0.1877477,2026-09-06 03:00:01.974991+00:00,2026-09-07 10:55:03+00:00,LC09_L2SP_122064_20260906_02_T1,298.99945,0.0153529495,2026-09-06 03:00:01.974991+00:00,2026-09-07 10:55:03+00:00,LC09_L2SP_122064_20260906_02_T1,298.99945,,,,,,0.00041406072,2026-09-15 06:45:03.477000+00:00,2026-09-15 07:28:10+00:00,S5P_L2_NO2____20260915T064116_20260915T064616_46235,79.24903,65.836136,2026-09-08 23:59:59+00:00,2026-09-16 10:36:59+00:00,VNP46A2.A2026251.h28v09.002.2026259103659.h5,230.00027,27.8,75.0,3.1,93.0,270.0,0.0,1011.3,2026-09-18 14:00:00+00:00,4,69.6875,2026-09-17 14:00:00+00:00,2026-09-17 15:00:00+00:00,2026-09-18 13:43:29+00:00,22.724721908569336,23.0,133.7546,2026-09-17 14:00:00+00:00,2026-09-17 15:00:00+00:00,2026-09-18 13:43:29+00:00,22.724721908569336,23.0,364,146.88966,True,True,True,True,True,True,True,True,True,True,True,True,True,False,True
2026-09-18 20:00:00+00:00,r0310_c0273,704250.0,9305550.0,106.84623429633413,-6.279397848715454,0.24963629,2026-09-06 03:00:01.974991+00:00,2026-09-07 10:55:03+00:00,LC09_L2SP_122064_20260906_02_T1,304.99945,0.012289759,2026-09-06 03:00:01.974991+00:00,2026-09-07 10:55:03+00:00,LC09_L2SP_122064_20260906_02_T1,304.99945,,,,,,0.00015848422,2026-09-15 06:45:01.797000+00:00,2026-09-15 07:28:10+00:00,S5P_L2_NO2____20260915T064116_20260915T064616_46235,85.249504,35.22751,2026-09-10 23:59:59+00:00,2026-09-18 19:21:14+00:00,VNP46A2.A2026253.h28v09.002.2026261192114.h5,188.00027,23.8,96.0,4.6,169.0,110.0,0.9,1010.9,2026-09-18 20:00:00+00:00,4,100.0,2026-09-18 08:00:00+00:00,2026-09-18 09:00:00+00:00,2026-09-18 15:18:34+00:00,6.309444427490234,11.0,67.09621,2026-09-18 08:00:00+00:00,2026-09-18 09:00:00+00:00,2026-09-18 15:18:34+00:00,6.309444427490234,11.0,863,115.760666,True,True,True,True,True,True,True,True,True,True,True,True,True,False,True
2026-09-19 00:00:00+00:00,r0259_c0341,711050.0,9310650.0,106.90751010681993,-6.233067418449252,0.21581066,2026-09-06 03:00:01.974991+00:00,2026-09-07 10:55:03+00:00,LC09_L2SP_122064_20260906_02_T1,308.99945,0.07974355,2026-09-06 03:00:01.974991+00:00,2026-09-07 10:55:03+00:00,LC09_L2SP_122064_20260906_02_T1,308.99945,,,,,,0.0005012925,2026-09-16 06:26:20.268000+00:00,2026-09-16 07:10:49+00:00,S5P_L2_NO2____20260916T062616_20260916T063116_46249,65.561035,38.68922,2026-09-10 23:59:59+00:00,2026-09-18 19:21:14+00:00,VNP46A2.A2026253.h28v09.002.2026261192114.h5,192.00027,27.4,79.0,3.9,124.0,460.0,0.0,1012.4,2026-09-19 00:00:00+00:00,5,67.625,2026-09-18 08:00:00+00:00,2026-09-18 09:00:00+00:00,2026-09-18 15:18:34+00:00,6.309444427490234,15.0,38.747242,2026-09-18 08:00:00+00:00,2026-09-18 09:00:00+00:00,2026-09-18 15:18:34+00:00,6.309444427490234,15.0,663,109.81756,True,True,True,True,True,True,True,True,True,True,True,True,True,False,True
2026-09-19 06:00:00+00:00,r0152_c0357,712650.0,9321350.0,106.92161628143933,-6.136274739869495,0.18397821,2026-09-06 03:00:01.974991+00:00,2026-09-07 10:55:03+00:00,LC09_L2SP_122064_20260906_02_T1,314.99945,0.072576724,2026-09-06 03:00:01.974991+00:00,2026-09-07 10:55:03+00:00,LC09_L2SP_122064_20260906_02_T1,314.99945,,,,,,8.670639e-05,2026-09-17 06:07:45.260000+00:00,2026-09-17 06:50:02+00:00,S5P_L2_NO2____20260917T060616_20260917T061116_46263,47.87076,47.759518,2026-09-10 23:59:59+00:00,2026-09-18 19:21:14+00:00,VNP46A2.A2026253.h28v09.002.2026261192114.h5,198.00027,32.8,55.0,8.6,334.0,1050.0,0.4,1009.1,2026-09-19 06:00:00+00:00,5,67.625,2026-09-18 08:00:00+00:00,2026-09-18 09:00:00+00:00,2026-09-18 15:18:34+00:00,6.309444427490234,21.0,38.747242,2026-09-18 08:00:00+00:00,2026-09-18 09:00:00+00:00,2026-09-18 15:18:34+00:00,6.309444427490234,21.0,149,115.30231,True,True,True,True,True,True,True,True,True,True,True,True,True,False,True
2026-09-19 07:00:00+00:00,r0135_c0324,709350.0,9323050.0,106.89175272808352,-6.121010679264593,0.28145707,2026-09-06 03:00:01.974991+00:00,2026-09-07 10:55:03+00:00,LC09_L2SP_122064_20260906_02_T1,315.99945,-0.032213025,2026-09-06 03:00:01.974991+00:00,2026-09-07 10:55:03+00:00,LC09_L2SP_122064_20260906_02_T1,315.99945,,,,,,0.0001954041,2026-09-16 06:26:21.948000+00:00,2026-09-16 07:10:49+00:00,S5P_L2_NO2____20260916T062616_20260916T063116_46249,72.56057,59.036163,2026-09-10 23:59:59+00:00,2026-09-18 19:21:14+00:00,VNP46A2.A2026253.h28v09.002.2026261192114.h5,199.00027,30.9,68.0,12.1,349.0,650.0,0.7,1008.9,2026-09-19 07:00:00+00:00,8,48.0625,2026-09-18 08:00:00+00:00,2026-09-18 09:00:00+00:00,2026-09-18 15:18:34+00:00,6.309444427490234,22.0,7.2651076,2026-09-18 08:00:00+00:00,2026-09-18 09:00:00+00:00,2026-09-18 15:18:34+00:00,6.309444427490234,22.0,45,123.56762,True,True,True,True,True,True,True,True,True,True,True,True,True,False,True
2026-09-19 08:00:00+00:00,r0380_c0352,712150.0,9298550.0,106.91784926593995,-6.342428966980557,0.31731537,2026-09-06 03:00:25.891422+00:00,2026-09-07 10:54:59+00:00,LC09_L2SP_122065_20260906_02_T1,316.9928,-0.116410226,2026-09-06 03:00:25.891422+00:00,2026-09-07 10:54:59+00:00,LC09_L2SP_122065_20260906_02_T1,316.9928,38.616608,2026-09-06 03:00:25.891422+00:00,2026-09-07 10:54:59+00:00,LC09_L2SP_122065_20260906_02_T1,316.9928,0.00013129933,2026-09-15 06:45:00.117000+00:00,2026-09-15 07:28:10+00:00,S5P_L2_NO2____20260915T064116_20260915T064616_46235,97.24997,26.062185,2026-09-10 23:59:59+00:00,2026-09-18 19:21:14+00:00,VNP46A2.A2026253.h28v09.002.2026261192114.h5,200.00027,31.1,64.0,11.8,11.0,780.0,0.0,1008.6,2026-09-19 08:00:00+00:00,5,67.625,2026-09-18 08:00:00+00:00,2026-09-18 09:00:00+00:00,2026-09-18 15:18:34+00:00,6.309444427490234,23.0,38.747242,2026-09-18 08:00:00+00:00,2026-09-18 09:00:00+00:00,2026-09-18 15:18:34+00:00,6.309444427490234,23.0,1015,99.768585,True,True,True,True,True,True,True,True,True,True,True,True,True,True,True
2026-09-19 10:00:00+00:00,r0329_c0190,695950.0,9303650.0,106.77129285583186,-6.296836623260894,0.36874187,2026-09-06 03:00:25.891422+00:00,2026-09-07 10:54:59+00:00,LC09_L2SP_122065_20260906_02_T1,318.9928,-0.058087066,2026-09-06 03:00:25.891422+00:00,2026-09-07 10:54:59+00:00,LC09_L2SP_122065_20260906_02_T1,318.9928,,,,,,0.00017351443,2026-09-15 06:45:01.797000+00:00,2026-09-15 07:28:10+00:00,S5P_L2_NO2____20260915T064116_20260915T064616_46235,99.249504,32.252655,2026-09-10 23:59:59+00:00,2026-09-18 19:21:14+00:00,VNP46A2.A2026253.h28v09.002.2026261192114.h5,202.00027,27.2,84.0,8.1,252.0,165.0,1.1,1009.5,2026-09-19 10:00:00+00:00,4,100.0,2026-09-18 08:00:00+00:00,2026-09-18 09:00:00+00:00,2026-09-18 15:18:34+00:00,6.309444427490234,25.0,67.09621,2026-09-18 08:00:00+00:00,2026-09-18 09:00:00+00:00,2026-09-18 15:18:34+00:00,6.309444427490234,25.0,905,140.97363,True,True,True,True,True,True,True,True,True,True,True,True,True,False,True
2026-09-19 14:00:00+00:00,r0297_c0262,703150.0,9306850.0,106.83625362027914,-6.267678800979553,0.27663726,2026-09-06 03:00:01.974991+00:00,2026-09-07 10:55:03+00:00,LC09_L2SP_122064_20260906_02_T1,322.99945,0.009352064,2026-09-06 03:00:01.974991+00:00,2026-09-07 10:55:03+00:00,LC09_L2SP_122064_20260906_02_T1,322.99945,,,,,,0.00015848422,2026-09-15 06:45:01.797000+00:00,2026-09-15 07:28:10+00:00,S5P_L2_NO2____20260915T064116_20260915T064616_46235,103.249504,46.04579,2026-09-11 23:59:59+00:00,2026-09-19 10:03:58+00:00,VNP46A2.A2026254.h28v09.002.2026262100358.h5,182.00027,26.1,92.0,4.5,209.0,100.0,0.0,1012.8,2026-09-19 14:00:00+00:00,4,87.4375,2026-09-18 14:00:00+00:00,2026-09-18 15:00:00+00:00,2026-09-19 13:46:01+00:00,22.766944885253906,23.0,115.14717,2026-09-18 14:00:00+00:00,2026-09-18 15:00:00+00:00,2026-09-19 13:46:01+00:00,22.766944885253906,23.0,810,172.30635,True,True,True,True,True,True,True,True,True,True,True,True,True,False,True
2026-09-19 15:00:00+00:00,r0179_c0411,718050.0,9318650.0,106.97048402510593,-6.160507819328983,0.37030327,2026-09-06 03:00:01.974991+00:00,2026-09-07 10:55:03+00:00,LC09_L2SP_122064_20260906_02_T1,323.99945,-0.14886512,2026-09-06 03:00:01.974991+00:00,2026-09-07 10:55:03+00:00,LC09_L2SP_122064_20260906_02_T1,323.99945,,,,,,0.00024950728,2026-09-16 06:26:20.268000+00:00,2026-09-16 07:10:49+00:00,S5P_L2_NO2____20260916T062616_20260916T063116_46249,80.561035,38.88618,2026-09-11 23:59:59+00:00,2026-09-19 10:03:58+00:00,VNP46A2.A2026254.h28v09.002.2026262100358.h5,183.00027,26.3,90.0,4.2,162.0,105.0,0.0,1013.0,2026-09-19 15:00:00+00:00,5,139.0,2026-09-19 02:00:00+00:00,2026-09-19 03:00:00+00:00,2026-09-19 14:51:03+00:00,11.85083293914795,12.0,33.055557,2026-09-19 02:00:00+00:00,2026-09-19 03:00:00+00:00,2026-09-19 14:51:03+00:00,11.85083293914795,12.0,344,185.9831,True,True,True,True,True,True,True,True,True,True,True,True,True,False,True
2026-09-19 16:00:00+00:00,r0199_c0318,708750.0,9316650.0,106.88653693559243,-6.17889430783873,0.4861568,2026-03-14 03:00:05.325622+00:00,2026-03-15 12:40:30+00:00,LC09_L2SP_122064_20260314_02_T1,4548.9985,-0.096443996,2026-03-14 03:00:05.325622+00:00,2026-03-15 12:40:30+00:00,LC09_L2SP_122064_20260314_02_T1,4548.9985,,,,,,0.0004499237,2026-09-16 06:26:21.108000+00:00,2026-09-16 07:10:49+00:00,S5P_L2_NO2____20260916T062616_20260916T063116_46249,81.56081,52.353584,2026-09-11 23:59:59+00:00,2026-09-19 10:03:58+00:00,VNP46A2.A2026254.h28v09.002.2026262100358.h5,184.00027,26.1,91.0,4.9,172.0,110.0,0.0,1012.9,2026-09-19 16:00:00+00:00,5,73.5,2026-09-19 08:00:00+00:00,2026-09-19 09:00:00+00:00,2026-09-19 15:22:05+00:00,6.36805534362793,7.0,26.92605,2026-09-19 08:00:00+00:00,2026-09-19 09:00:00+00:00,2026-09-19 15:22:05+00:00,6.36805534362793,7.0,453,85.45163,True,True,True,True,True,True,True,True,True,True,True,True,True,False,True
2026-09-19 20:00:00+00:00,r0131_c0321,709050.0,9323450.0,106.8890301306917,-6.117403692122845,0.109806724,2026-09-06 03:00:01.974991+00:00,2026-09-07 10:55:03+00:00,LC09_L2SP_122064_20260906_02_T1,328.99945,0.13702857,2026-09-06 03:00:01.974991+00:00,2026-09-07 10:55:03+00:00,LC09_L2SP_122064_20260906_02_T1,328.99945,,,,,,6.434825e-05,2026-09-19 07:10:15.633000+00:00,2026-09-19 07:52:32+00:00,S5P_L2_NO2____20260919T070616_20260919T071116_46292,12.828991,61.451805,2026-09-11 23:59:59+00:00,2026-09-19 10:03:58+00:00,VNP46A2.A2026254.h28v09.002.2026262100358.h5,188.00027,25.6,93.0,4.3,202.0,45.0,0.0,1011.4,2026-09-19 20:00:00+00:00,8,56.4375,2026-09-19 08:00:00+00:00,2026-09-19 09:00:00+00:00,2026-09-19 15:22:05+00:00,6.36805534362793,11.0,6.7725577,2026-09-19 08:00:00+00:00,2026-09-19 09:00:00+00:00,2026-09-19 15:22:05+00:00,6.36805534362793,11.0,28,140.92857,True,True,True,True,True,True,True,True,True,True,True,True,True,False,True
2026-09-19 20:00:00+00:00,r0379_c0333,710250.0,9298650.0,106.90067628233355,-6.341588107925597,0.54746157,2026-09-06 03:00:25.891422+00:00,2026-09-07 10:54:59+00:00,LC09_L2SP_122065_20260906_02_T1,328.9928,-0.13833734,2026-09-06 03:00:25.891422+00:00,2026-09-07 10:54:59+00:00,LC09_L2SP_122065_20260906_02_T1,328.9928,38.7554,2026-09-06 03:00:25.891422+00:00,2026-09-07 10:54:59+00:00,LC09_L2SP_122065_20260906_02_T1,328.9928,0.00013129933,2026-09-15 06:45:00.117000+00:00,2026-09-15 07:28:10+00:00,S5P_L2_NO2____20260915T064116_20260915T064616_46235,109.24997,29.140602,2026-09-11 23:59:59+00:00,2026-09-19 10:03:58+00:00,VNP46A2.A2026254.h28v09.002.2026262100358.h5,188.00027,25.6,93.0,4.3,202.0,45.0,0.0,1011.4,2026-09-19 20:00:00+00:00,5,73.5,2026-09-19 08:00:00+00:00,2026-09-19 09:00:00+00:00,2026-09-19 15:22:05+00:00,6.36805534362793,11.0,26.92605,2026-09-19 08:00:00+00:00,2026-09-19 09:00:00+00:00,2026-09-19 15:22:05+00:00,6.36805534362793,11.0,1005,98.88671,True,True,True,True,True,True,True,True,True,True,True,True,True,True,True
2026-09-19 21:00:00+00:00,r0266_c0279,704850.0,9309950.0,106.85151569961111,-6.239596185028906,0.388872,2026-09-06 03:00:01.974991+00:00,2026-09-07 10:55:03+00:00,LC09_L2SP_122064_20260906_02_T1,329.99945,-0.06408349,2026-09-06 03:00:01.974991+00:00,2026-09-07 10:55:03+00:00,LC09_L2SP_122064_20260906_02_T1,329.99945,,,,,,0.00015848422,2026-09-15 06:45:01.797000+00:00,2026-09-15 07:28:10+00:00,S5P_L2_NO2____20260915T064116_20260915T064616_46235,110.249504,31.52086,2026-09-11 23:59:59+00:00,2026-09-19 10:03:58+00:00,VNP46A2.A2026254.h28v09.002.2026262100358.h5,189.00027,25.5,93.0,3.9,202.0,50.0,0.0,1011.6,2026-09-19 21:00:00+00:00,4,102.0,2026-09-19 08:00:00+00:00,2026-09-19 09:00:00+00:00,2026-09-19 15:22:05+00:00,6.36805534362793,12.0,46.9564,2026-09-19 08:00:00+00:00,2026-09-19 09:00:00+00:00,2026-09-19 15:22:05+00:00,6.36805534362793,12.0,690,149.04791,True,True,True,True,True,True,True,True,True,True,True,True,True,False,True
2026-09-20 00:00:00+00:00,r0142_c0133,690250.0,9322350.0,106.7192347213381,-6.1279207008804555,0.17762342,2026-09-06 03:00:01.974991+00:00,2026-09-07 10:55:03+00:00,LC09_L2SP_122064_20260906_02_T1,332.99945,0.07622437,2026-09-06 03:00:01.974991+00:00,2026-09-07 10:55:03+00:00,LC09_L2SP_122064_20260906_02_T1,332.99945,,,,,,0.00010551539,2026-09-16 06:26:22.788000+00:00,2026-09-16 07:10:49+00:00,S5P_L2_NO2____20260916T062616_20260916T063116_46249,89.56033,49.928596,2026-09-11 23:59:59+00:00,2026-09-19 10:03:58+00:00,VNP46A2.A2026254.h28v09.002.2026262100358.h5,192.00027,26.8,89.0,3.2,180.0,150.0,0.0,1013.5,2026-09-20 00:00:00+00:00,4,102.0,2026-09-19 08:00:00+00:00,2026-09-19 09:00:00+00:00,2026-09-19 15:22:05+00:00,6.36805534362793,15.0,46.9564,2026-09-19 08:00:00+00:00,2026-09-19 09:00:00+00:00,2026-09-19 15:22:05+00:00,6.36805534362793,15.0,80,70.64436,True,True,True,True,True,True,True,True,True,True,True,True,True,False,True
2026-09-20 03:00:00+00:00,r0154_c0297,706650.0,9321150.0,106.86742327873584,-6.138274840559802,0.27097735,2026-09-06 03:00:01.974991+00:00,2026-09-07 10:55:03+00:00,LC09_L2SP_122064_20260906_02_T1,335.99945,-0.030917263,2026-09-06 03:00:01.974991+00:00,2026-09-07 10:55:03+00:00,LC09_L2SP_122064_20260906_02_T1,335.99945,,,,,,6.434825e-05,2026-09-19 07:10:15.633000+00:00,2026-09-19 07:52:32+00:00,S5P_L2_NO2____20260919T070616_20260919T071116_46292,19.82899,60.31383,2026-09-11 23:59:59+00:00,2026-09-19 10:03:58+00:00,VNP46A2.A2026254.h28v09.002.2026262100358.h5,195.00027,30.5,66.0,2.1,110.0,885.0,0.0,1013.1,2026-09-20 03:00:00+00:00,4,102.0,2026-09-19 08:00:00+00:00,2026-09-19 09:00:00+00:00,2026-09-19 15:22:05+00:00,6.36805534362793,18.0,46.9564,2026-09-19 08:00:00+00:00,2026-09-19 09:00:00+00:00,2026-09-19 15:22:05+00:00,6.36805534362793,18.0,157,125.65855,True,True,True,True,True,True,True,True,True,True,True,True,True,False,True
2026-09-20 03:00:00+00:00,r0352_c0304,707350.0,9301350.0,106.87438162231614,-6.317271944024757,0.21546295,2026-09-06 03:00:01.974991+00:00,2026-09-07 10:55:03+00:00,LC09_L2SP_122064_20260906_02_T1,335.99945,0.06618238,2026-09-06 03:00:01.974991+00:00,2026-09-07 10:55:03+00:00,LC09_L2SP_122064_20260906_02_T1,335.99945,,,,,,0.00015171785,2026-09-15 06:45:00.957000+00:00,2026-09-15 07:28:10+00:00,S5P_L2_NO2____20260915T064116_20260915T064616_46235,116.24973,32.67415,2026-09-11 23:59:59+00:00,2026-09-19 10:03:58+00:00,VNP46A2.A2026254.h28v09.002.2026262100358.h5,195.00027,30.5,66.0,2.1,110.0,885.0,0.0,1013.1,2026-09-20 03:00:00+00:00,4,102.0,2026-09-19 08:00:00+00:00,2026-09-19 09:00:00+00:00,2026-09-19 15:22:05+00:00,6.36805534362793,18.0,46.9564,2026-09-19 08:00:00+00:00,2026-09-19 09:00:00+00:00,2026-09-19 15:22:05+00:00,6.36805534362793,18.0,949,39.811745,True,True,True,True,True,True,True,True,True,True,True,True,True,False,True
2026-09-20 05:00:00+00:00,r0154_c0298,706750.0,9321150.0,106.86832661753438,-6.138271687646325,0.20121649,2026-09-06 03:00:01.974991+00:00,2026-09-07 10:55:03+00:00,LC09_L2SP_122064_20260906_02_T1,337.99945,-0.008924929,2026-09-06 03:00:01.974991+00:00,2026-09-07 10:55:03+00:00,LC09_L2SP_122064_20260906_02_T1,337.99945,,,,,,6.434825e-05,2026-09-19 07:10:15.633000+00:00,2026-09-19 07:52:32+00:00,S5P_L2_NO2____20260919T070616_20260919T071116_46292,21.82899,60.31383,2026-09-11 23:59:59+00:00,2026-09-19 10:03:58+00:00,VNP46A2.A2026254.h28v09.002.2026262100358.h5,197.00027,32.5,57.0,1.2,219.0,1305.0,0.0,1010.7,2026-09-20 05:00:00+00:00,4,102.0,2026-09-19 08:00:00+00:00,2026-09-19 09:00:00+00:00,2026-09-19 15:22:05+00:00,6.36805534362793,20.0,46.9564,2026-09-19 08:00:00+00:00,2026-09-19 09:00:00+00:00,2026-09-19 15:22:05+00:00,6.36805534362793,20.0,158,178.05684,True,True,True,True,True,True,True,True,True,True,True,True,True,False,True
2026-09-20 08:00:00+00:00,r0194_c0292,706150.0,9317150.0,106.86303262455394,-6.174456405608902,0.23186004,2026-09-06 03:00:01.974991+00:00,2026-09-07 10:55:03+00:00,LC09_L2SP_122064_20260906_02_T1,340.99945,0.02136088,2026-09-06 03:00:01.974991+00:00,2026-09-07 10:55:03+00:00,LC09_L2SP_122064_20260906_02_T1,340.99945,,,,,,0.0004499237,2026-09-16 06:26:21.108000+00:00,2026-09-16 07:10:49+00:00,S5P_L2_NO2____20260916T062616_20260916T063116_46249,97.56081,59.093487,2026-09-11 23:59:59+00:00,2026-09-19 10:03:58+00:00,VNP46A2.A2026254.h28v09.002.2026262100358.h5,200.00027,32.0,58.0,11.6,330.0,685.0,0.1,1007.9,2026-09-20 08:00:00+00:00,4,102.0,2026-09-19 08:00:00+00:00,2026-09-19 09:00:00+00:00,2026-09-19 15:22:05+00:00,6.36805534362793,23.0,46.9564,2026-09-19 08:00:00+00:00,2026-09-19 09:00:00+00:00,2026-09-19 15:22:05+00:00,6.36805534362793,23.0,418,76.23455,True,True,True,True,True,True,True,True,True,True,True,True,True,False,True
2026-09-20 09:00:00+00:00,r0134_c0326,709550.0,9323150.0,106.8935561376636,-6.120100176851519,0.17850153,2026-09-06 03:00:01.974991+00:00,2026-09-07 10:55:03+00:00,LC09_L2SP_122064_20260906_02_T1,341.99945,-0.020501269,2026-09-06 03:00:01.974991+00:00,2026-09-07 10:55:03+00:00,LC09_L2SP_122064_20260906_02_T1,341.99945,,,,,,0.00012531308,2026-09-20 06:51:24.628000+00:00,2026-09-20 07:36:34+00:00,S5P_L2_NO2____20260920T065116_20260920T065616_46306,2.143159,68.769066,2026-09-11 23:59:59+00:00,2026-09-19 10:03:58+00:00,VNP46A2.A2026254.h28v09.002.2026262100358.h5,201.00027,31.1,63.0,11.8,349.0,495.0,0.0,1008.0,2026-09-20 09:00:00+00:00,8,56.4375,2026-09-19 08:00:00+00:00,2026-09-19 09:00:00+00:00,2026-09-19 15:22:05+00:00,6.36805534362793,24.0,6.7725577,2026-09-19 08:00:00+00:00,2026-09-19 09:00:00+00:00,2026-09-19 15:22:05+00:00,6.36805534362793,24.0,41,116.72625,True,True,True,True,True,True,True,True,True,True,True,True,True,False,True
2026-09-20 09:00:00+00:00,r0303_c0255,702450.0,9306250.0,106.82994750015507,-6.273125866933086,0.24468723,2026-09-06 03:00:01.974991+00:00,2026-09-07 10:55:03+00:00,LC09_L2SP_122064_20260906_02_T1,341.99945,0.08265736,2026-09-06 03:00:01.974991+00:00,2026-09-07 10:55:03+00:00,LC09_L2SP_122064_20260906_02_T1,341.99945,,,,,,0.00015848422,2026-09-15 06:45:01.797000+00:00,2026-09-15 07:28:10+00:00,S5P_L2_NO2____20260915T064116_20260915T064616_46235,122.249504,42.620697,2026-09-11 23:59:59+00:00,2026-09-19 10:03:58+00:00,VNP46A2.A2026254.h28v09.002.2026262100358.h5,201.00027,31.1,63.0,11.8,349.0,495.0,0.0,1008.0,2026-09-20 09:00:00+00:00,4,102.0,2026-09-19 08:00:00+00:00,2026-09-19 09:00:00+00:00,2026-09-19 15:22:05+00:00,6.36805534362793,24.0,46.9564,2026-09-19 08:00:00+00:00,2026-09-19 09:00:00+00:00,2026-09-19 15:22:05+00:00,6.36805534362793,24.0,831,149.92513,True,True,True,True,True,True,True,True,True,True,True,True,True,False,True
2026-09-20 10:00:00+00:00,r0278_c0351,712050.0,9308750.0,106.91660732658707,-6.250212825257326,0.1895373,2026-09-06 03:00:01.974991+00:00,2026-09-07 10:55:03+00:00,LC09_L2SP_122064_20260906_02_T1,342.99945,0.108602546,2026-09-06 03:00:01.974991+00:00,2026-09-07 10:55:03+00:00,LC09_L2SP_122064_20260906_02_T1,342.99945,,,,,,0.00013385018,2026-09-15 06:45:01.797000+00:00,2026-09-15 07:28:10+00:00,S5P_L2_NO2____20260915T064116_20260915T064616_46235,123.249504,45.406475,2026-09-11 23:59:59+00:00,2026-09-19 10:03:58+00:00,VNP46A2.A2026254.h28v09.002.2026262100358.h5,202.00027,29.9,68.0,12.5,16.0,570.0,0.0,1008.2,2026-09-20 10:00:00+00:00,5,73.5,2026-09-19 08:00:00+00:00,2026-09-19 09:00:00+00:00,2026-09-19 15:22:05+00:00,6.36805534362793,25.0,26.92605,2026-09-19 08:00:00+00:00,2026-09-19 09:00:00+00:00,2026-09-19 15:22:05+00:00,6.36805534362793,25.0,759,175.47885,True,True,True,True,True,True,True,True,True,True,True,True,True,False,True
2026-09-20 12:00:00+00:00,r0223_c0238,700750.0,9314250.0,106.81433766541006,-6.200845896192126,0.4551482,2026-09-06 03:00:01.974991+00:00,2026-09-07 10:55:03+00:00,LC09_L2SP_122064_20260906_02_T1,344.99945,-0.15741412,2026-09-06 03:00:01.974991+00:00,2026-09-07 10:55:03+00:00,LC09_L2SP_122064_20260906_02_T1,344.99945,,,,,,0.00055339833,2026-09-16 06:26:20.268000+00:00,2026-09-16 07:10:49+00:00,S5P_L2_NO2____20260916T062616_20260916T063116_46249,101.561035,72.59537,2026-09-11 23:59:59+00:00,2026-09-19 10:03:58+00:00,VNP46A2.A2026254.h28v09.002.2026262100358.h5,204.00027,29.1,73.0,5.9,35.0,615.0,0.0,1010.7,2026-09-20 12:00:00+00:00,4,102.0,2026-09-19 08:00:00+00:00,2026-09-19 09:00:00+00:00,2026-09-19 15:22:05+00:00,6.36805534362793,27.0,46.9564,2026-09-19 08:00:00+00:00,2026-09-19 09:00:00+00:00,2026-09-19 15:22:05+00:00,6.36805534362793,27.0,565,77.62372,True,True,True,True,True,True,True,True,True,True,True,True,True,False,True
2026-09-20 12:00:00+00:00,r0293_c0189,695850.0,9307250.0,106.77027920250057,-6.264288920659342,0.49112996,2026-09-06 03:00:01.974991+00:00,2026-09-07 10:55:03+00:00,LC09_L2SP_122064_20260906_02_T1,344.99945,-0.11884709,2026-09-06 03:00:01.974991+00:00,2026-09-07 10:55:03+00:00,LC09_L2SP_122064_20260906_02_T1,344.99945,,,,,,0.00019322941,2026-09-20 06:51:22.948000+00:00,2026-09-20 07:36:34+00:00,S5P_L2_NO2____20260920T065116_20260920T065616_46306,5.1436257,34.266636,2026-09-11 23:59:59+00:00,2026-09-19 10:03:58+00:00,VNP46A2.A2026254.h28v09.002.2026262100358.h5,204.00027,29.1,73.0,5.9,35.0,615.0,0.0,1010.7,2026-09-20 12:00:00+00:00,4,102.0,2026-09-19 08:00:00+00:00,2026-09-19 09:00:00+00:00,2026-09-19 15:22:05+00:00,6.36805534362793,27.0,46.9564,2026-09-19 08:00:00+00:00,2026-09-19 09:00:00+00:00,2026-09-19 15:22:05+00:00,6.36805534362793,27.0,805,17.70786,True,True,True,True,True,True,True,True,True,True,True,True,True,False,True
2026-09-20 16:00:00+00:00,r0324_c0341,711050.0,9304150.0,106.9077234823004,-6.291835129168551,0.255259,2026-09-06 03:00:01.974991+00:00,2026-09-07 10:55:03+00:00,LC09_L2SP_122064_20260906_02_T1,348.99945,0.09038039,2026-09-06 03:00:01.974991+00:00,2026-09-07 10:55:03+00:00,LC09_L2SP_122064_20260906_02_T1,348.99945,,,,,,0.00014653296,2026-09-20 06:51:22.108000+00:00,2026-09-20 07:36:34+00:00,S5P_L2_NO2____20260920T065116_20260920T065616_46306,9.143859,35.262276,2026-09-11 23:59:59+00:00,2026-09-19 10:03:58+00:00,VNP46A2.A2026254.h28v09.002.2026262100358.h5,208.00027,27.4,87.0,4.7,180.0,125.0,0.1,1012.0,2026-09-20 16:00:00+00:00,5,47.75,2026-09-20 08:00:00+00:00,2026-09-20 09:00:00+00:00,2026-09-20 15:23:13+00:00,6.38694429397583,7.0,27.911148,2026-09-20 08:00:00+00:00,2026-09-20 09:00:00+00:00,2026-09-20 15:23:13+00:00,6.38694429397583,7.0,897,143.2208,True,True,True,True,True,True,True,True,True,True,True,True,True,False,True
2026-09-20 17:00:00+00:00,r0272_c0212,698150.0,9309350.0,106.7909972960724,-6.245230622769833,0.24049877,2026-09-06 03:00:01.974991+00:00,2026-09-07 10:55:03+00:00,LC09_L2SP_122064_20260906_02_T1,349.99945,0.02086081,2026-09-06 03:00:01.974991+00:00,2026-09-07 10:55:03+00:00,LC09_L2SP_122064_20260906_02_T1,349.99945,,,,,,0.00019322941,2026-09-20 06:51:22.948000+00:00,2026-09-20 07:36:34+00:00,S5P_L2_NO2____20260920T065116_20260920T065616_46306,10.143625,41.591015,2026-09-11 23:59:59+00:00,2026-09-19 10:03:58+00:00,VNP46A2.A2026254.h28v09.002.2026262100358.h5,209.00027,26.9,90.0,4.7,171.0,160.0,0.0,1011.4,2026-09-20 17:00:00+00:00,4,77.9375,2026-09-20 08:00:00+00:00,2026-09-20 09:00:00+00:00,2026-09-20 15:23:13+00:00,6.38694429397583,8.0,51.33462,2026-09-20 08:00:00+00:00,2026-09-20 09:00:00+00:00,2026-09-20 15:23:13+00:00,6.38694429397583,8.0,745,94.10057,True,True,True,True,True,True,True,True,True,True,True,True,True,False,True
2026-09-20 21:00:00+00:00,r0148_c0218,698750.0,9321750.0,106.79603987186267,-6.133094027392425,0.18925841,2026-09-06 03:00:01.974991+00:00,2026-09-07 10:55:03+00:00,LC09_L2SP_122064_20260906_02_T1,353.99945,0.060439955,2026-09-06 03:00:01.974991+00:00,2026-09-07 10:55:03+00:00,LC09_L2SP_122064_20260906_02_T1,353.99945,,,,,,0.00012836051,2026-09-20 06:51:25.468000+00:00,2026-09-20 07:36:34+00:00,S5P_L2_NO2____20260920T065116_20260920T065616_46306,14.142925,54.833385,2026-09-11 23:59:59+00:00,2026-09-19 10:03:58+00:00,VNP46A2.A2026254.h28v09.002.2026262100358.h5,213.00027,23.0,98.0,8.5,264.0,170.0,4.2,1010.8,2026-09-20 21:00:00+00:00,4,77.9375,2026-09-20 08:00:00+00:00,2026-09-20 09:00:00+00:00,2026-09-20 15:23:13+00:00,6.38694429397583,12.0,51.33462,2026-09-20 08:00:00+00:00,2026-09-20 09:00:00+00:00,2026-09-20 15:23:13+00:00,6.38694429397583,12.0,103,118.74966,True,True,True,True,True,True,True,True,True,True,True,True,True,False,True
2026-09-21 00:00:00+00:00,r0285_c0300,706950.0,9308050.0,106.87055051953293,-6.256707765858699,0.21823809,2026-09-06 03:00:01.974991+00:00,2026-09-07 10:55:03+00:00,LC09_L2SP_122064_20260906_02_T1,356.99945,0.060323507,2026-09-06 03:00:01.974991+00:00,2026-09-07 10:55:03+00:00,LC09_L2SP_122064_20260906_02_T1,356.99945,,,,,,0.0010704722,2026-09-16 06:26:19.428000+00:00,2026-09-16 07:10:49+00:00,S5P_L2_NO2____20260916T062616_20260916T063116_46249,113.56127,42.41484,2026-09-11 23:59:59+00:00,2026-09-19 10:03:58+00:00,VNP46A2.A2026254.h28v09.002.2026262100358.h5,216.00027,26.7,86.0,2.4,207.0,90.0,2.0,1011.7,2026-09-21 00:00:00+00:00,4,77.9375,2026-09-20 08:00:00+00:00,2026-09-20 09:00:00+00:00,2026-09-20 15:23:13+00:00,6.38694429397583,15.0,51.33462,2026-09-20 08:00:00+00:00,2026-09-20 09:00:00+00:00,2026-09-20 15:23:13+00:00,6.38694429397583,15.0,784,136.35744,True,True,True,True,True,True,True,True,True,True,True,True,True,False,True
2026-09-21 02:00:00+00:00,r0201_c0288,705750.0,9316450.0,106.85944110398552,-6.180798073008887,0.10842586,2026-09-06 03:00:01.974991+00:00,2026-09-07 10:55:03+00:00,LC09_L2SP_122064_20260906_02_T1,358.99945,0.13412672,2026-09-06 03:00:01.974991+00:00,2026-09-07 10:55:03+00:00,LC09_L2SP_122064_20260906_02_T1,358.99945,,,,,,0.0004499237,2026-09-16 06:26:21.108000+00:00,2026-09-16 07:10:49+00:00,S5P_L2_NO2____20260916T062616_20260916T063116_46249,115.56081,58.140617,2026-09-11 23:59:59+00:00,2026-09-19 10:03:58+00:00,VNP46A2.A2026254.h28v09.002.2026262100358.h5,218.00027,30.7,56.0,5.0,90.0,945.0,0.0,1012.5,2026-09-21 02:00:00+00:00,4,77.9375,2026-09-20 08:00:00+00:00,2026-09-20 09:00:00+00:00,2026-09-20 15:23:13+00:00,6.38694429397583,17.0,51.33462,2026-09-20 08:00:00+00:00,2026-09-20 09:00:00+00:00,2026-09-20 15:23:13+00:00,6.38694429397583,17.0,462,114.08299,True,True,True,True,True,True,True,True,True,True,True,True,True,False,True
2026-09-21 04:00:00+00:00,r0151_c0238,700750.0,9321450.0,106.81411628402384,-6.135745653780393,0.2706212,2026-09-06 03:00:01.974991+00:00,2026-09-07 10:55:03+00:00,LC09_L2SP_122064_20260906_02_T1,360.99945,-0.015305799,2026-09-06 03:00:01.974991+00:00,2026-09-07 10:55:03+00:00,LC09_L2SP_122064_20260906_02_T1,360.99945,,,,,,0.0002602977,2026-09-16 06:26:21.948000+00:00,2026-09-16 07:10:49+00:00,S5P_L2_NO2____20260916T062616_20260916T063116_46249,117.56057,70.50124,2026-09-11 23:59:59+00:00,2026-09-19 10:03:58+00:00,VNP46A2.A2026254.h28v09.002.2026262100358.h5,220.00027,33.5,46.0,2.0,27.0,1450.0,0.0,1010.7,2026-09-21 04:00:00+00:00,4,77.9375,2026-09-20 08:00:00+00:00,2026-09-20 09:00:00+00:00,2026-09-20 15:23:13+00:00,6.38694429397583,19.0,51.33462,2026-09-20 08:00:00+00:00,2026-09-20 09:00:00+00:00,2026-09-20 15:23:13+00:00,6.38694429397583,19.0,137,168.83614,True,True,True,True,True,True,True,True,True,True,True,True,True,False,True
2026-09-21 04:00:00+00:00,r0306_c0219,698850.0,9305950.0,106.79742733383029,-6.275951016433237,0.15794353,2026-09-06 03:00:01.974991+00:00,2026-09-07 10:55:03+00:00,LC09_L2SP_122064_20260906_02_T1,360.99945,0.080112234,2026-09-06 03:00:01.974991+00:00,2026-09-07 10:55:03+00:00,LC09_L2SP_122064_20260906_02_T1,360.99945,,,,,,0.00019322941,2026-09-20 06:51:22.948000+00:00,2026-09-20 07:36:34+00:00,S5P_L2_NO2____20260920T065116_20260920T065616_46306,21.143625,47.901382,2026-09-11 23:59:59+00:00,2026-09-19 10:03:58+00:00,VNP46A2.A2026254.h28v09.002.2026262100358.h5,220.00027,33.5,46.0,2.0,27.0,1450.0,0.0,1010.7,2026-09-21 04:00:00+00:00,4,77.9375,2026-09-20 08:00:00+00:00,2026-09-20 09:00:00+00:00,2026-09-20 15:23:13+00:00,6.38694429397583,19.0,51.33462,2026-09-20 08:00:00+00:00,2026-09-20 09:00:00+00:00,2026-09-20 15:23:13+00:00,6.38694429397583,19.0,853,75.019104,True,True,True,True,True,True,True,True,True,True,True,True,True,False,True
2026-09-21 06:00:00+00:00,r0160_c0134,690350.0,9320550.0,106.72019031669356,-6.144193712925205,0.25020966,2026-09-06 03:00:01.974991+00:00,2026-09-07 10:55:03+00:00,LC09_L2SP_122064_20260906_02_T1,362.99945,0.036462914,2026-09-06 03:00:01.974991+00:00,2026-09-07 10:55:03+00:00,LC09_L2SP_122064_20260906_02_T1,362.99945,,,,,,0.00013757584,2026-09-20 06:51:25.468000+00:00,2026-09-20 07:36:34+00:00,S5P_L2_NO2____20260920T065116_20260920T065616_46306,23.142925,49.10388,2026-09-11 23:59:59+00:00,2026-09-19 10:03:58+00:00,VNP46A2.A2026254.h28v09.002.2026262100358.h5,222.00027,34.1,46.0,9.9,335.0,1395.0,0.6,1008.5,2026-09-21 06:00:00+00:00,4,77.9375,2026-09-20 08:00:00+00:00,2026-09-20 09:00:00+00:00,2026-09-20 15:23:13+00:00,6.38694429397583,21.0,51.33462,2026-09-20 08:00:00+00:00,2026-09-20 09:00:00+00:00,2026-09-20 15:23:13+00:00,6.38694429397583,21.0,208,109.07399,True,True,True,True,True,True,True,True,True,True,True,True,True,False,True
2026-09-21 09:00:00+00:00,r0267_c0368,713750.0,9309850.0,106.93193034801054,-6.2402114361123235,0.4046283,2026-09-06 03:00:01.974991+00:00,2026-09-07 10:55:03+00:00,LC09_L2SP_122064_20260906_02_T1,365.99945,-0.08032955,2026-09-06 03:00:01.974991+00:00,2026-09-07 10:55:03+00:00,LC09_L2SP_122064_20260906_02_T1,365.99945,,,,,,9.604449e-05,2026-09-21 06:32:38.185000+00:00,2026-09-21 07:14:57+00:00,S5P_L2_NO2____20260921T063116_20260921T063616_46320,2.4560597,39.56385,2026-09-11 23:59:59+00:00,2026-09-19 10:03:58+00:00,VNP46A2.A2026254.h28v09.002.2026262100358.h5,225.00027,32.3,49.0,11.4,16.0,955.0,0.0,1007.0,2026-09-21 09:00:00+00:00,5,47.75,2026-09-20 08:00:00+00:00,2026-09-20 09:00:00+00:00,2026-09-20 15:23:13+00:00,6.38694429397583,24.0,27.911148,2026-09-20 08:00:00+00:00,2026-09-20 09:00:00+00:00,2026-09-20 15:23:13+00:00,6.38694429397583,24.0,699,162.19283,True,True,True,True,True,True,True,True,True,True,True,True,True,False,True
2026-09-21 12:00:00+00:00,r0383_c0297,706650.0,9298250.0,106.86815688212324,-6.345322940969767,0.19559304,2026-09-06 03:00:01.974991+00:00,2026-09-07 10:55:03+00:00,LC09_L2SP_122064_20260906_02_T1,368.99945,0.08661688,2026-09-06 03:00:01.974991+00:00,2026-09-07 10:55:03+00:00,LC09_L2SP_122064_20260906_02_T1,368.99945,,,,,,0.00018799688,2026-09-21 06:32:36.505000+00:00,2026-09-21 07:14:57+00:00,S5P_L2_NO2____20260921T063116_20260921T063616_46320,5.4565263,36.70198,2026-09-13 23:59:59+00:00,2026-09-21 10:39:16+00:00,VNP46A2.A2026256.h28v09.002.2026264103916.h5,180.00027,26.4,82.0,6.5,120.0,120.0,0.0,1009.7,2026-09-21 12:00:00+00:00,4,77.9375,2026-09-20 08:00:00+00:00,2026-09-20 09:00:00+00:00,2026-09-20 15:23:13+00:00,6.38694429397583,27.0,51.33462,2026-09-20 08:00:00+00:00,2026-09-20 09:00:00+00:00,2026-09-20 15:23:13+00:00,6.38694429397583,27.0,1026,105.64705,True,True,True,True,True,True,True,True,True,True,True,True,True,False,True
2026-09-21 14:00:00+00:00,r0151_c0183,695250.0,9321450.0,106.7644306876769,-6.135911703293293,0.10567177,2026-09-06 03:00:01.974991+00:00,2026-09-07 10:55:03+00:00,LC09_L2SP_122064_20260906_02_T1,370.99945,0.22368242,2026-09-06 03:00:01.974991+00:00,2026-09-07 10:55:03+00:00,LC09_L2SP_122064_20260906_02_T1,370.99945,,,,,,0.000112404734,2026-09-21 06:32:40.705000+00:00,2026-09-21 07:14:57+00:00,S5P_L2_NO2____20260921T063116_20260921T063616_46320,7.45536,47.479282,2026-09-11 23:59:59+00:00,2026-09-19 10:03:58+00:00,VNP46A2.A2026254.h28v09.002.2026262100358.h5,230.00027,26.9,77.0,5.4,138.0,95.0,0.0,1010.8,2026-09-21 14:00:00+00:00,4,79.3125,2026-09-20 14:00:00+00:00,2026-09-20 15:00:00+00:00,2026-09-21 13:43:46+00:00,22.72944450378418,23.0,93.584435,2026-09-20 14:00:00+00:00,2026-09-20 15:00:00+00:00,2026-09-21 13:43:46+00:00,22.72944450378418,23.0,130,144.8027,True,True,True,True,True,True,True,True,True,True,True,True,True,False,True
2026-09-21 18:00:00+00:00,r0170_c0193,696250.0,9319550.0,106.77352142064196,-6.153061485977372,0.12657468,2026-09-06 03:00:01.974991+00:00,2026-09-07 10:55:03+00:00,LC09_L2SP_122064_20260906_02_T1,374.99945,0.11022063,2026-09-06 03:00:01.974991+00:00,2026-09-07 10:55:03+00:00,LC09_L2SP_122064_20260906_02_T1,374.99945,,,,,,0.00020164222,2026-09-21 06:32:39.865000+00:00,2026-09-21 07:14:57+00:00,S5P_L2_NO2____20260921T063116_20260921T063616_46320,11.455593,50.926178,2026-09-11 23:59:59+00:00,2026-09-19 10:03:58+00:00,VNP46A2.A2026254.h28v09.002.2026262100358.h5,234.00027,27.6,75.0,2.3,203.0,50.0,0.0,1010.0,2026-09-21 18:00:00+00:00,4,68.0,2026-09-21 08:00:00+00:00,2026-09-21 09:00:00+00:00,2026-09-21 15:18:52+00:00,6.314444541931152,9.0,49.692787,2026-09-21 08:00:00+00:00,2026-09-21 09:00:00+00:00,2026-09-21 15:18:52+00:00,6.314444541931152,9.0,251,128.74333,True,True,True,True,True,True,True,True,True,True,True,True,True,False,True
2026-09-21 20:00:00+00:00,r0189_c0282,705150.0,9317650.0,106.853982856056,-6.1699672126863465,0.12790547,2026-09-06 03:00:01.974991+00:00,2026-09-07 10:55:03+00:00,LC09_L2SP_122064_20260906_02_T1,376.99945,0.112973176,2026-09-06 03:00:01.974991+00:00,2026-09-07 10:55:03+00:00,LC09_L2SP_122064_20260906_02_T1,376.99945,,,,,,0.00017272834,2026-09-21 06:32:39.865000+00:00,2026-09-21 07:14:57+00:00,S5P_L2_NO2____20260921T063116_20260921T063616_46320,13.455593,39.821785,2026-09-13 23:59:59+00:00,2026-09-21 10:39:16+00:00,VNP46A2.A2026256.h28v09.002.2026264103916.h5,188.00027,26.8,79.0,1.8,191.0,25.0,0.0,1009.1,2026-09-21 20:00:00+00:00,4,68.0,2026-09-21 08:00:00+00:00,2026-09-21 09:00:00+00:00,2026-09-21 15:18:52+00:00,6.314444541931152,11.0,49.692787,2026-09-21 08:00:00+00:00,2026-09-21 09:00:00+00:00,2026-09-21 15:18:52+00:00,6.314444541931152,11.0,390,116.49011,True,True,True,True,True,True,True,True,True,True,True,True,True,False,True
2026-09-21 22:00:00+00:00,r0155_c0410,717950.0,9321050.0,106.96950083811294,-6.1388130164310795,0.4090809,2026-09-06 03:00:01.974991+00:00,2026-09-07 10:55:03+00:00,LC09_L2SP_122064_20260906_02_T1,378.99945,-0.16322035,2026-09-06 03:00:01.974991+00:00,2026-09-07 10:55:03+00:00,LC09_L2SP_122064_20260906_02_T1,378.99945,,,,,,0.00010359333,2026-09-21 06:32:39.865000+00:00,2026-09-21 07:14:57+00:00,S5P_L2_NO2____20260921T063116_20260921T063616_46320,15.455593,17.231327,2026-09-13 23:59:59+00:00,2026-09-21 10:39:16+00:00,VNP46A2.A2026256.h28v09.002.2026264103916.h5,190.00027,26.0,82.0,3.2,223.0,40.0,0.0,1009.5,2026-09-21 22:00:00+00:00,5,46.625,2026-09-21 08:00:00+00:00,2026-09-21 09:00:00+00:00,2026-09-21 15:18:52+00:00,6.314444541931152,13.0,28.567883,2026-09-21 08:00:00+00:00,2026-09-21 09:00:00+00:00,2026-09-21 15:18:52+00:00,6.314444541931152,13.0,170,146.15706,True,True,True,True,True,True,True,True,True,True,True,True,True,False,True
2026-09-22 03:00:00+00:00,r0309_c0310,707950.0,9305650.0,106.8796635769479,-6.278374702969262,0.40295354,2026-09-06 03:00:01.974991+00:00,2026-09-07 10:55:03+00:00,LC09_L2SP_122064_20260906_02_T1,383.99945,-0.06913488,2026-09-06 03:00:01.974991+00:00,2026-09-07 10:55:03+00:00,LC09_L2SP_122064_20260906_02_T1,383.99945,,,,,,0.00012873522,2026-09-21 06:32:38.185000+00:00,2026-09-21 07:14:57+00:00,S5P_L2_NO2____20260921T063116_20260921T063616_46320,20.45606,26.838913,2026-09-13 23:59:59+00:00,2026-09-21 10:39:16+00:00,VNP46A2.A2026256.h28v09.002.2026264103916.h5,195.00027,33.1,47.0,2.5,90.0,1325.0,0.0,1011.1,2026-09-22 03:00:00+00:00,5,46.625,2026-09-21 08:00:00+00:00,2026-09-21 09:00:00+00:00,2026-09-21 15:18:52+00:00,6.314444541931152,18.0,28.567883,2026-09-21 08:00:00+00:00,2026-09-21 09:00:00+00:00,2026-09-21 15:18:52+00:00,6.314444541931152,18.0,858,111.86023,True,True,True,True,True,True,True,True,True,True,True,True,True,False,True
2026-09-22 11:00:00+00:00,r0223_c0239,700850.0,9314250.0,106.81524113723745,-6.200842801757793,0.35717174,2026-09-06 03:00:01.974991+00:00,2026-09-07 10:55:03+00:00,LC09_L2SP_122064_20260906_02_T1,391.99945,-0.113342226,2026-09-06 03:00:01.974991+00:00,2026-09-07 10:55:03+00:00,LC09_L2SP_122064_20260906_02_T1,391.99945,,,,,,0.00027421507,2026-09-21 06:32:39.025000+00:00,2026-09-21 07:14:57+00:00,S5P_L2_NO2____20260921T063116_20260921T063616_46320,28.455826,70.671455,2026-09-14 23:59:59+00:00,2026-09-22 10:35:23+00:00,VNP46A2.A2026257.h28v09.002.2026265103523.h5,179.00027,29.8,65.0,7.0,13.0,615.0,0.2,1008.7,2026-09-22 11:00:00+00:00,4,68.0,2026-09-21 08:00:00+00:00,2026-09-21 09:00:00+00:00,2026-09-21 15:18:52+00:00,6.314444541931152,26.0,49.692787,2026-09-21 08:00:00+00:00,2026-09-21 09:00:00+00:00,2026-09-21 15:18:52+00:00,6.314444541931152,26.0,566,150.00043,True,True,True,True,True,True,True,True,True,True,True,True,True,False,True
2026-09-22 13:00:00+00:00,r0130_c0322,709150.0,9323550.0,106.88993024701406,-6.116496380671891,0.11363829,2026-09-06 03:00:01.974991+00:00,2026-09-07 10:55:03+00:00,LC09_L2SP_122064_20260906_02_T1,393.99945,0.13059446,2026-09-06 03:00:01.974991+00:00,2026-09-07 10:55:03+00:00,LC09_L2SP_122064_20260906_02_T1,393.99945,,,,,,0.00012722185,2026-09-21 06:32:39.865000+00:00,2026-09-21 07:14:57+00:00,S5P_L2_NO2____20260921T063116_20260921T063616_46320,30.455593,63.112827,2026-09-14 23:59:59+00:00,2026-09-22 10:35:23+00:00,VNP46A2.A2026257.h28v09.002.2026265103523.h5,181.00027,29.3,67.0,5.2,94.0,315.0,0.0,1010.8,2026-09-22 13:00:00+00:00,8,38.5,2026-09-21 08:00:00+00:00,2026-09-21 09:00:00+00:00,2026-09-21 15:18:52+00:00,6.314444541931152,28.0,6.4989195,2026-09-21 08:00:00+00:00,2026-09-21 09:00:00+00:00,2026-09-21 15:18:52+00:00,6.314444541931152,28.0,23,119.60206,True,True,True,True,True,True,True,True,True,True,True,True,True,False,True
2026-09-22 13:00:00+00:00,r0291_c0269,703850.0,9307450.0,106.84255960380965,-6.26223169629135,0.16080399,2026-09-06 03:00:01.974991+00:00,2026-09-07 10:55:03+00:00,LC09_L2SP_122064_20260906_02_T1,393.99945,0.10172973,2026-09-06 03:00:01.974991+00:00,2026-09-07 10:55:03+00:00,LC09_L2SP_122064_20260906_02_T1,393.99945,,,,,,0.0002813207,2026-09-21 06:32:38.185000+00:00,2026-09-21 07:14:57+00:00,S5P_L2_NO2____20260921T063116_20260921T063616_46320,30.45606,41.706947,2026-09-14 23:59:59+00:00,2026-09-22 10:35:23+00:00,VNP46A2.A2026257.h28v09.002.2026265103523.h5,181.00027,29.3,67.0,5.2,94.0,315.0,0.0,1010.8,2026-09-22 13:00:00+00:00,4,68.0,2026-09-21 08:00:00+00:00,2026-09-21 09:00:00+00:00,2026-09-21 15:18:52+00:00,6.314444541931152,28.0,49.692787,2026-09-21 08:00:00+00:00,2026-09-21 09:00:00+00:00,2026-09-21 15:18:52+00:00,6.314444541931152,28.0,799,86.17387,True,True,True,True,True,True,True,True,True,True,True,True,True,False,True
2026-09-22 15:00:00+00:00,r0188_c0283,705250.0,9317750.0,106.85488311105973,-6.1690599170492275,0.20060271,2026-09-06 03:00:01.974991+00:00,2026-09-07 10:55:03+00:00,LC09_L2SP_122064_20260906_02_T1,395.99945,0.079272576,2026-09-06 03:00:01.974991+00:00,2026-09-07 10:55:03+00:00,LC09_L2SP_122064_20260906_02_T1,395.99945,,,,,,0.00017272834,2026-09-21 06:32:39.865000+00:00,2026-09-21 07:14:57+00:00,S5P_L2_NO2____20260921T063116_20260921T063616_46320,32.455593,46.923336,2026-09-14 23:59:59+00:00,2026-09-22 10:35:23+00:00,VNP46A2.A2026257.h28v09.002.2026265103523.h5,183.00027,27.9,74.0,3.4,96.0,200.0,0.0,1011.8,2026-09-22 15:00:00+00:00,4,161.0,2026-09-22 02:00:00+00:00,2026-09-22 03:00:00+00:00,2026-09-22 14:51:12+00:00,11.853333473205566,12.0,82.41998,2026-09-22 02:00:00+00:00,2026-09-22 03:00:00+00:00,2026-09-22 14:51:12+00:00,11.853333473205566,12.0,388,86.410286,True,True,True,True,True,True,True,True,True,True,True,True,True,False,True
2026-09-22 15:00:00+00:00,r0196_c0345,711450.0,9316950.0,106.91091876955534,-6.176094844302226,0.25084838,2026-09-06 03:00:01.974991+00:00,2026-09-07 10:55:03+00:00,LC09_L2SP_122064_20260906_02_T1,395.99945,0.009717078,2026-09-06 03:00:01.974991+00:00,2026-09-07 10:55:03+00:00,LC09_L2SP_122064_20260906_02_T1,395.99945,,,,,,0.000109452565,2026-09-22 06:14:01.343000+00:00,2026-09-22 06:55:50+00:00,S5P_L2_NO2____20260922T061116_20260922T061616_46334,8.766294,41.92961,2026-09-14 23:59:59+00:00,2026-09-22 10:35:23+00:00,VNP46A2.A2026257.h28v09.002.2026265103523.h5,183.00027,27.9,74.0,3.4,96.0,200.0,0.0,1011.8,2026-09-22 15:00:00+00:00,5,142.0,2026-09-22 02:00:00+00:00,2026-09-22 03:00:00+00:00,2026-09-22 14:51:12+00:00,11.853333473205566,12.0,51.006256,2026-09-22 02:00:00+00:00,2026-09-22 03:00:00+00:00,2026-09-22 14:51:12+00:00,11.853333473205566,12.0,441,134.21413,True,True,True,True,True,True,True,True,True,True,True,True,True,False,True
2026-09-22 15:00:00+00:00,r0236_c0181,695050.0,9312950.0,106.7628781038871,-6.212774260366175,0.16567895,2026-09-06 03:00:01.974991+00:00,2026-09-07 10:55:03+00:00,LC09_L2SP_122064_20260906_02_T1,395.99945,0.13698106,2026-09-06 03:00:01.974991+00:00,2026-09-07 10:55:03+00:00,LC09_L2SP_122064_20260906_02_T1,395.99945,,,,,,0.00037669815,2026-09-21 06:32:39.025000+00:00,2026-09-21 07:14:57+00:00,S5P_L2_NO2____20260921T063116_20260921T063616_46320,32.455826,39.266205,2026-09-14 23:59:59+00:00,2026-09-22 10:35:23+00:00,VNP46A2.A2026257.h28v09.002.2026265103523.h5,183.00027,27.9,74.0,3.4,96.0,200.0,0.0,1011.8,2026-09-22 15:00:00+00:00,4,161.0,2026-09-22 02:00:00+00:00,2026-09-22 03:00:00+00:00,2026-09-22 14:51:12+00:00,11.853333473205566,12.0,82.41998,2026-09-22 02:00:00+00:00,2026-09-22 03:00:00+00:00,2026-09-22 14:51:12+00:00,11.853333473205566,12.0,609,147.86061,True,True,True,True,True,True,True,True,True,True,True,True,True,False,True
2026-09-22 16:00:00+00:00,r0178_c0197,696650.0,9318750.0,106.77715911197686,-6.160282981384644,0.15488465,2026-09-06 03:00:01.974991+00:00,2026-09-07 10:55:03+00:00,LC09_L2SP_122064_20260906_02_T1,396.99945,0.09361832,2026-09-06 03:00:01.974991+00:00,2026-09-07 10:55:03+00:00,LC09_L2SP_122064_20260906_02_T1,396.99945,,,,,,0.00020164222,2026-09-21 06:32:39.865000+00:00,2026-09-21 07:14:57+00:00,S5P_L2_NO2____20260921T063116_20260921T063616_46320,33.455593,49.617256,2026-09-11 23:59:59+00:00,2026-09-19 10:03:58+00:00,VNP46A2.A2026254.h28v09.002.2026262100358.h5,256.00027,27.7,75.0,4.2,168.0,155.0,0.0,1011.2,2026-09-22 16:00:00+00:00,4,81.75,2026-09-22 08:00:00+00:00,2026-09-22 09:00:00+00:00,2026-09-22 15:24:17+00:00,6.404722213745117,7.0,64.578735,2026-09-22 08:00:00+00:00,2026-09-22 09:00:00+00:00,2026-09-22 15:24:17+00:00,6.404722213745117,7.0,326,147.05182,True,True,True,True,True,True,True,True,True,True,True,True,True,False,True
2026-09-22 17:00:00+00:00,r0310_c0310,707950.0,9305550.0,106.87966682008962,-6.279278835712346,0.28947395,2026-09-06 03:00:01.974991+00:00,2026-09-07 10:55:03+00:00,LC09_L2SP_122064_20260906_02_T1,397.99945,0.053120498,2026-09-06 03:00:01.974991+00:00,2026-09-07 10:55:03+00:00,LC09_L2SP_122064_20260906_02_T1,397.99945,,,,,,0.00012873522,2026-09-21 06:32:38.185000+00:00,2026-09-21 07:14:57+00:00,S5P_L2_NO2____20260921T063116_20260921T063616_46320,34.45606,34.293446,2026-09-14 23:59:59+00:00,2026-09-22 10:35:23+00:00,VNP46A2.A2026257.h28v09.002.2026265103523.h5,185.00027,27.4,75.0,2.1,239.0,85.0,0.0,1011.3,2026-09-22 17:00:00+00:00,5,37.1875,2026-09-22 08:00:00+00:00,2026-09-22 09:00:00+00:00,2026-09-22 15:24:17+00:00,6.404722213745117,8.0,37.105408,2026-09-22 08:00:00+00:00,2026-09-22 09:00:00+00:00,2026-09-22 15:24:17+00:00,6.404722213745117,8.0,864,58.654953,True,True,True,True,True,True,True,True,True,True,True,True,True,False,True
2026-09-22 20:00:00+00:00,r0277_c0239,700850.0,9308850.0,106.8154088198342,-6.249667849197508,0.26672238,2026-09-06 03:00:01.974991+00:00,2026-09-07 10:55:03+00:00,LC09_L2SP_122064_20260906_02_T1,400.99945,0.004192519,2026-09-06 03:00:01.974991+00:00,2026-09-07 10:55:03+00:00,LC09_L2SP_122064_20260906_02_T1,400.99945,,,,,,0.0002813207,2026-09-21 06:32:38.185000+00:00,2026-09-21 07:14:57+00:00,S5P_L2_NO2____20260921T063116_20260921T063616_46320,37.45606,46.624126,2026-09-14 23:59:59+00:00,2026-09-22 10:35:23+00:00,VNP46A2.A2026257.h28v09.002.2026265103523.h5,188.00027,26.7,78.0,3.6,264.0,215.0,0.0,1009.9,2026-09-22 20:00:00+00:00,4,81.75,2026-09-22 08:00:00+00:00,2026-09-22 09:00:00+00:00,2026-09-22 15:24:17+00:00,6.404722213745117,11.0,64.578735,2026-09-22 08:00:00+00:00,2026-09-22 09:00:00+00:00,2026-09-22 15:24:17+00:00,6.404722213745117,11.0,751,83.35809,True,True,True,True,True,True,True,True,True,True,True,True,True,False,True
2026-09-22 21:00:00+00:00,r0131_c0320,708950.0,9323450.0,106.88812683775615,-6.117406869177078,0.14712618,2026-09-06 03:00:01.974991+00:00,2026-09-07 10:55:03+00:00,LC09_L2SP_122064_20260906_02_T1,401.99945,0.11217526,2026-09-06 03:00:01.974991+00:00,2026-09-07 10:55:03+00:00,LC09_L2SP_122064_20260906_02_T1,401.99945,,,,,,0.00012722185,2026-09-21 06:32:39.865000+00:00,2026-09-21 07:14:57+00:00,S5P_L2_NO2____20260921T063116_20260921T063616_46320,38.455593,61.583073,2026-09-14 23:59:59+00:00,2026-09-22 10:35:23+00:00,VNP46A2.A2026257.h28v09.002.2026265103523.h5,189.00027,26.4,80.0,3.8,259.0,180.0,0.0,1010.0,2026-09-22 21:00:00+00:00,8,32.125,2026-09-22 08:00:00+00:00,2026-09-22 09:00:00+00:00,2026-09-22 15:24:17+00:00,6.404722213745117,12.0,8.277571,2026-09-22 08:00:00+00:00,2026-09-22 09:00:00+00:00,2026-09-22 15:24:17+00:00,6.404722213745117,12.0,27,165.36009,True,True,True,True,True,True,True,True,True,True,True,True,True,False,True
2026-09-22 21:00:00+00:00,r0151_c0237,700650.0,9321450.0,106.8132129218293,-6.135748713964171,0.23144892,2026-09-06 03:00:01.974991+00:00,2026-09-07 10:55:03+00:00,LC09_L2SP_122064_20260906_02_T1,401.99945,0.03451119,2026-09-06 03:00:01.974991+00:00,2026-09-07 10:55:03+00:00,LC09_L2SP_122064_20260906_02_T1,401.99945,,,,,,8.912455e-05,2026-09-21 06:32:40.705000+00:00,2026-09-21 07:14:57+00:00,S5P_L2_NO2____20260921T063116_20260921T063616_46320,38.45536,90.34693,2026-09-14 23:59:59+00:00,2026-09-22 10:35:23+00:00,VNP46A2.A2026257.h28v09.002.2026265103523.h5,189.00027,26.4,80.0,3.8,259.0,180.0,0.0,1010.0,2026-09-22 21:00:00+00:00,4,81.75,2026-09-22 08:00:00+00:00,2026-09-22 09:00:00+00:00,2026-09-22 15:24:17+00:00,6.404722213745117,12.0,64.578735,2026-09-22 08:00:00+00:00,2026-09-22 09:00:00+00:00,2026-09-22 15:24:17+00:00,6.404722213745117,12.0,136,103.71701,True,True,True,True,True,True,True,True,True,True,True,True,True,False,True
2026-09-23 00:00:00+00:00,r0311_c0271,704050.0,9305450.0,106.84443029742928,-6.280308371993649,0.23426375,2026-09-06 03:00:01.974991+00:00,2026-09-07 10:55:03+00:00,LC09_L2SP_122064_20260906_02_T1,404.99945,0.05561175,2026-09-06 03:00:01.974991+00:00,2026-09-07 10:55:03+00:00,LC09_L2SP_122064_20260906_02_T1,404.99945,,,,,,0.0002813207,2026-09-21 06:32:38.185000+00:00,2026-09-21 07:14:57+00:00,S5P_L2_NO2____20260921T063116_20260921T063616_46320,41.45606,48.95526,2026-09-14 23:59:59+00:00,2026-09-22 10:35:23+00:00,VNP46A2.A2026257.h28v09.002.2026265103523.h5,192.00027,27.2,78.0,2.6,205.0,190.0,0.0,1011.7,2026-09-23 00:00:00+00:00,4,81.75,2026-09-22 08:00:00+00:00,2026-09-22 09:00:00+00:00,2026-09-22 15:24:17+00:00,6.404722213745117,15.0,64.578735,2026-09-22 08:00:00+00:00,2026-09-22 09:00:00+00:00,2026-09-22 15:24:17+00:00,6.404722213745117,15.0,867,115.80925,True,True,True,True,True,True,True,True,True,True,True,True,True,False,True
2026-09-23 05:00:00+00:00,r0178_c0197,696650.0,9318750.0,106.77715911197686,-6.160282981384644,0.15488465,2026-09-06 03:00:01.974991+00:00,2026-09-07 10:55:03+00:00,LC09_L2SP_122064_20260906_02_T1,409.99945,0.09361832,2026-09-06 03:00:01.974991+00:00,2026-09-07 10:55:03+00:00,LC09_L2SP_122064_20260906_02_T1,409.99945,,,,,,0.00020164222,2026-09-21 06:32:39.865000+00:00,2026-09-21 07:14:57+00:00,S5P_L2_NO2____20260921T063116_20260921T063616_46320,46.455593,49.617256,2026-09-11 23:59:59+00:00,2026-09-19 10:03:58+00:00,VNP46A2.A2026254.h28v09.002.2026262100358.h5,269.00027,34.1,47.0,2.0,355.0,1490.0,0.0,1008.8,2026-09-23 05:00:00+00:00,4,81.75,2026-09-22 08:00:00+00:00,2026-09-22 09:00:00+00:00,2026-09-22 15:24:17+00:00,6.404722213745117,20.0,64.578735,2026-09-22 08:00:00+00:00,2026-09-22 09:00:00+00:00,2026-09-22 15:24:17+00:00,6.404722213745117,20.0,326,147.05182,True,True,True,True,True,True,True,True,True,True,True,True,True,False,True
2026-09-23 12:00:00+00:00,r0311_c0312,708150.0,9305450.0,106.8814772117954,-6.280176473586315,0.34025353,2026-09-06 03:00:01.974991+00:00,2026-09-07 10:55:03+00:00,LC09_L2SP_122064_20260906_02_T1,416.99945,-0.0506776,2026-09-06 03:00:01.974991+00:00,2026-09-07 10:55:03+00:00,LC09_L2SP_122064_20260906_02_T1,416.99945,,,,,,0.00012873522,2026-09-21 06:32:38.185000+00:00,2026-09-21 07:14:57+00:00,S5P_L2_NO2____20260921T063116_20260921T063616_46320,53.45606,50.72347,2026-09-15 23:59:59+00:00,2026-09-23 09:58:11+00:00,VNP46A2.A2026258.h28v09.002.2026266095811.h5,180.00027,29.9,60.0,6.0,46.0,660.0,0.0,1009.6,2026-09-23 12:00:00+00:00,5,37.1875,2026-09-22 08:00:00+00:00,2026-09-22 09:00:00+00:00,2026-09-22 15:24:17+00:00,6.404722213745117,27.0,37.105408,2026-09-22 08:00:00+00:00,2026-09-22 09:00:00+00:00,2026-09-22 15:24:17+00:00,6.404722213745117,27.0,872,176.01021,True,True,True,True,True,True,True,True,True,True,True,True,True,False,True
2026-09-23 13:00:00+00:00,r0150_c0198,696750.0,9321550.0,106.77797844332225,-6.134962684563441,0.106478564,2026-09-06 03:00:01.974991+00:00,2026-09-07 10:55:03+00:00,LC09_L2SP_122064_20260906_02_T1,417.99945,0.08777896,2026-09-06 03:00:01.974991+00:00,2026-09-07 10:55:03+00:00,LC09_L2SP_122064_20260906_02_T1,417.99945,,,,,,0.00014726093,2026-09-23 05:55:29.059000+00:00,2026-09-23 06:37:13+00:00,S5P_L2_NO2____20260923T055116_20260923T055616_46348,7.0752616,46.079445,2026-09-14 23:59:59+00:00,2026-09-22 10:35:23+00:00,VNP46A2.A2026257.h28v09.002.2026265103523.h5,205.00027,29.3,65.0,5.9,63.0,530.0,0.0,1010.1,2026-09-23 13:00:00+00:00,4,81.75,2026-09-22 08:00:00+00:00,2026-09-22 09:00:00+00:00,2026-09-22 15:24:17+00:00,6.404722213745117,28.0,64.578735,2026-09-22 08:00:00+00:00,2026-09-22 09:00:00+00:00,2026-09-22 15:24:17+00:00,6.404722213745117,28.0,117,161.35571,True,True,True,True,True,True,True,True,True,True,True,True,True,False,True
2026-09-23 14:00:00+00:00,r0310_c0273,704250.0,9305550.0,106.84623429633413,-6.279397848715454,0.24963629,2026-09-06 03:00:01.974991+00:00,2026-09-07 10:55:03+00:00,LC09_L2SP_122064_20260906_02_T1,418.99945,0.012289759,2026-09-06 03:00:01.974991+00:00,2026-09-07 10:55:03+00:00,LC09_L2SP_122064_20260906_02_T1,418.99945,,,,,,0.0002813207,2026-09-21 06:32:38.185000+00:00,2026-09-21 07:14:57+00:00,S5P_L2_NO2____20260921T063116_20260921T063616_46320,55.45606,41.37334,2026-09-15 23:59:59+00:00,2026-09-23 09:58:11+00:00,VNP46A2.A2026258.h28v09.002.2026266095811.h5,182.00027,28.9,69.0,4.3,75.0,310.0,0.0,1010.6,2026-09-23 14:00:00+00:00,4,116.0,2026-09-22 14:00:00+00:00,2026-09-22 15:00:00+00:00,2026-09-23 13:49:26+00:00,22.823888778686523,23.0,131.7844,2026-09-22 14:00:00+00:00,2026-09-22 15:00:00+00:00,2026-09-23 13:49:26+00:00,22.823888778686523,23.0,863,115.760666,True,True,True,True,True,True,True,True,True,True,True,True,True,False,True
2026-09-23 18:00:00+00:00,r0170_c0118,688750.0,9319550.0,106.7057643232812,-6.1532822580778275,0.22102311,2026-09-06 03:00:01.974991+00:00,2026-09-07 10:55:03+00:00,LC09_L2SP_122064_20260906_02_T1,422.99945,0.01073756,2026-09-06 03:00:01.974991+00:00,2026-09-07 10:55:03+00:00,LC09_L2SP_122064_20260906_02_T1,422.99945,,,,,,0.000117355085,2026-09-20 06:51:24.628000+00:00,2026-09-20 07:36:34+00:00,S5P_L2_NO2____20260920T065116_20260920T065616_46306,83.14316,54.820446,2026-09-15 23:59:59+00:00,2026-09-23 09:58:11+00:00,VNP46A2.A2026258.h28v09.002.2026266095811.h5,186.00027,27.7,77.0,4.7,97.0,315.0,0.0,1009.9,2026-09-23 18:00:00+00:00,4,169.0,2026-09-23 08:00:00+00:00,2026-09-23 09:00:00+00:00,2026-09-23 15:26:30+00:00,6.441666603088379,9.0,80.887596,2026-09-23 08:00:00+00:00,2026-09-23 09:00:00+00:00,2026-09-23 15:26:30+00:00,6.441666603088379,9.0,247,81.349556,True,True,True,True,True,True,True,True,True,True,True,True,True,False,True
2026-09-23 18:00:00+00:00,r0186_c0208,697750.0,9317950.0,106.78712093681129,-6.1674832426772594,0.438073,2026-03-14 03:00:05.325622+00:00,2026-03-15 12:40:30+00:00,LC09_L2SP_122064_20260314_02_T1,4646.9985,-0.15998003,2026-03-14 03:00:05.325622+00:00,2026-03-15 12:40:30+00:00,LC09_L2SP_122064_20260314_02_T1,4646.9985,,,,,,0.00020164222,2026-09-21 06:32:39.865000+00:00,2026-09-21 07:14:57+00:00,S5P_L2_NO2____20260921T063116_20260921T063616_46320,59.455593,50.30831,2026-09-14 23:59:59+00:00,2026-09-22 10:35:23+00:00,VNP46A2.A2026257.h28v09.002.2026265103523.h5,210.00027,27.7,77.0,4.7,97.0,315.0,0.0,1009.9,2026-09-23 18:00:00+00:00,4,169.0,2026-09-23 08:00:00+00:00,2026-09-23 09:00:00+00:00,2026-09-23 15:26:30+00:00,6.441666603088379,9.0,80.887596,2026-09-23 08:00:00+00:00,2026-09-23 09:00:00+00:00,2026-09-23 15:26:30+00:00,6.441666603088379,9.0,379,69.421646,True,True,True,True,True,True,True,True,True,True,True,True,True,False,True
2026-09-23 18:00:00+00:00,r0304_c0220,698950.0,9306150.0,106.79832474080627,-6.274139565137066,0.31486744,2026-09-06 03:00:01.974991+00:00,2026-09-07 10:55:03+00:00,LC09_L2SP_122064_20260906_02_T1,422.99945,-0.024602076,2026-09-06 03:00:01.974991+00:00,2026-09-07 10:55:03+00:00,LC09_L2SP_122064_20260906_02_T1,422.99945,,,,,,0.00041634834,2026-09-21 06:32:38.185000+00:00,2026-09-21 07:14:57+00:00,S5P_L2_NO2____20260921T063116_20260921T063616_46320,59.45606,64.794846,2026-09-15 23:59:59+00:00,2026-09-23 09:58:11+00:00,VNP46A2.A2026258.h28v09.002.2026266095811.h5,186.00027,27.7,77.0,4.7,97.0,315.0,0.0,1009.9,2026-09-23 18:00:00+00:00,4,169.0,2026-09-23 08:00:00+00:00,2026-09-23 09:00:00+00:00,2026-09-23 15:26:30+00:00,6.441666603088379,9.0,80.887596,2026-09-23 08:00:00+00:00,2026-09-23 09:00:00+00:00,2026-09-23 15:26:30+00:00,6.441666603088379,9.0,839,148.70844,True,True,True,True,True,True,True,True,True,True,True,True,True,False,True
2026-09-24 01:00:00+00:00,r0157_c0353,712250.0,9320850.0,106.91801922255156,-6.140808284496651,0.16740397,2026-09-06 03:00:01.974991+00:00,2026-09-07 10:55:03+00:00,LC09_L2SP_122064_20260906_02_T1,429.99945,0.05573006,2026-09-06 03:00:01.974991+00:00,2026-09-07 10:55:03+00:00,LC09_L2SP_122064_20260906_02_T1,429.99945,,,,,,9.142214e-05,2026-09-22 06:14:02.183000+00:00,2026-09-22 06:55:50+00:00,S5P_L2_NO2____20260922T061116_20260922T061616_46334,42.76606,49.88572,2026-09-14 23:59:59+00:00,2026-09-22 10:35:23+00:00,VNP46A2.A2026257.h28v09.002.2026265103523.h5,217.00027,29.0,67.0,6.4,108.0,925.0,0.0,1011.5,2026-09-24 01:00:00+00:00,5,104.0,2026-09-23 08:00:00+00:00,2026-09-23 09:00:00+00:00,2026-09-23 15:26:30+00:00,6.441666603088379,16.0,46.628036,2026-09-23 08:00:00+00:00,2026-09-23 09:00:00+00:00,2026-09-23 15:26:30+00:00,6.441666603088379,16.0,178,88.39596,True,True,True,True,True,True,True,True,True,True,True,True,True,False,True
2026-09-24 07:00:00+00:00,r0383_c0304,707350.0,9298250.0,106.87448272431936,-6.345300087280457,0.16935992,2026-09-06 03:00:25.891422+00:00,2026-09-07 10:54:59+00:00,LC09_L2SP_122065_20260906_02_T1,435.9928,0.14537667,2026-09-06 03:00:25.891422+00:00,2026-09-07 10:54:59+00:00,LC09_L2SP_122065_20260906_02_T1,435.9928,,,,,,0.00018799688,2026-09-21 06:32:36.505000+00:00,2026-09-21 07:14:57+00:00,S5P_L2_NO2____20260921T063116_20260921T063616_46320,72.45653,43.640385,2026-09-15 23:59:59+00:00,2026-09-23 09:58:11+00:00,VNP46A2.A2026258.h28v09.002.2026266095811.h5,199.00027,34.1,44.0,11.7,9.0,1430.0,0.2,1007.6,2026-09-24 07:00:00+00:00,4,169.0,2026-09-23 08:00:00+00:00,2026-09-23 09:00:00+00:00,2026-09-23 15:26:30+00:00,6.441666603088379,22.0,80.887596,2026-09-23 08:00:00+00:00,2026-09-23 09:00:00+00:00,2026-09-23 15:26:30+00:00,6.441666603088379,22.0,1030,88.53015,True,True,True,True,True,True,True,True,True,True,True,True,True,False,True
2026-09-24 09:00:00+00:00,r0278_c0195,696450.0,9308750.0,106.77565500999916,-6.250707804002749,0.24231997,2026-09-06 03:00:01.974991+00:00,2026-09-07 10:55:03+00:00,LC09_L2SP_122064_20260906_02_T1,437.99945,0.046930052,2026-09-06 03:00:01.974991+00:00,2026-09-07 10:55:03+00:00,LC09_L2SP_122064_20260906_02_T1,437.99945,,,,,,0.00041634834,2026-09-21 06:32:38.185000+00:00,2026-09-21 07:14:57+00:00,S5P_L2_NO2____20260921T063116_20260921T063616_46320,74.45606,57.826267,2026-09-15 23:59:59+00:00,2026-09-23 09:58:11+00:00,VNP46A2.A2026258.h28v09.002.2026266095811.h5,201.00027,31.9,54.0,11.8,23.0,1065.0,0.4,1007.1,2026-09-24 09:00:00+00:00,4,169.0,2026-09-23 08:00:00+00:00,2026-09-23 09:00:00+00:00,2026-09-23 15:26:30+00:00,6.441666603088379,24.0,80.887596,2026-09-23 08:00:00+00:00,2026-09-23 09:00:00+00:00,2026-09-23 15:26:30+00:00,6.441666603088379,24.0,753,144.10098,True,True,True,True,True,True,True,True,True,True,True,True,True,False,True
2026-09-24 10:00:00+00:00,r0142_c0133,690250.0,9322350.0,106.7192347213381,-6.1279207008804555,0.17762342,2026-09-06 03:00:01.974991+00:00,2026-09-07 10:55:03+00:00,LC09_L2SP_122064_20260906_02_T1,438.99945,0.07622437,2026-09-06 03:00:01.974991+00:00,2026-09-07 10:55:03+00:00,LC09_L2SP_122064_20260906_02_T1,438.99945,,,,,,0.00012650508,2026-09-21 06:32:40.705000+00:00,2026-09-21 07:14:57+00:00,S5P_L2_NO2____20260921T063116_20260921T063616_46320,75.45536,41.2186,2026-09-16 23:59:59+00:00,2026-09-24 09:50:23+00:00,VNP46A2.A2026259.h28v09.002.2026267095023.h5,178.00027,31.3,53.0,10.9,31.0,940.0,0.0,1007.8,2026-09-24 10:00:00+00:00,4,169.0,2026-09-23 08:00:00+00:00,2026-09-23 09:00:00+00:00,2026-09-23 15:26:30+00:00,6.441666603088379,25.0,80.887596,2026-09-23 08:00:00+00:00,2026-09-23 09:00:00+00:00,2026-09-23 15:26:30+00:00,6.441666603088379,25.0,80,70.64436,True,True,True,True,True,True,True,True,True,True,True,True,True,False,True
2026-09-24 10:00:00+00:00,r0269_c0163,693250.0,9309650.0,106.74671334768786,-6.24266686667578,0.29866856,2026-09-06 03:00:01.974991+00:00,2026-09-07 10:55:03+00:00,LC09_L2SP_122064_20260906_02_T1,438.99945,0.0062141675,2026-09-06 03:00:01.974991+00:00,2026-09-07 10:55:03+00:00,LC09_L2SP_122064_20260906_02_T1,438.99945,,,,,,0.00021932376,2026-09-20 06:51:22.948000+00:00,2026-09-20 07:36:34+00:00,S5P_L2_NO2____20260920T065116_20260920T065616_46306,99.14362,38.302486,2026-09-16 23:59:59+00:00,2026-09-24 09:50:23+00:00,VNP46A2.A2026259.h28v09.002.2026267095023.h5,178.00027,31.3,53.0,10.9,31.0,940.0,0.0,1007.8,2026-09-24 10:00:00+00:00,4,169.0,2026-09-23 08:00:00+00:00,2026-09-23 09:00:00+00:00,2026-09-23 15:26:30+00:00,6.441666603088379,25.0,80.887596,2026-09-23 08:00:00+00:00,2026-09-23 09:00:00+00:00,2026-09-23 15:26:30+00:00,6.441666603088379,25.0,705,131.68071,True,True,True,True,True,True,True,True,True,True,True,True,True,False,True
2026-09-24 12:00:00+00:00,r0159_c0134,690350.0,9320650.0,106.72018741297357,-6.143289495972446,0.4578114,2026-07-28 02:59:40.439247+00:00,2026-08-01 09:07:44+00:00,LC08_L2SP_122064_20260728_02_T1,1401.0055,-0.06830308,2026-07-28 02:59:40.439247+00:00,2026-08-01 09:07:44+00:00,LC08_L2SP_122064_20260728_02_T1,1401.0055,,,,,,0.00012650508,2026-09-21 06:32:40.705000+00:00,2026-09-21 07:14:57+00:00,S5P_L2_NO2____20260921T063116_20260921T063616_46320,77.45536,42.237186,2026-09-16 23:59:59+00:00,2026-09-24 09:50:23+00:00,VNP46A2.A2026259.h28v09.002.2026267095023.h5,180.00027,29.8,63.0,7.5,80.0,705.0,0.0,1010.0,2026-09-24 12:00:00+00:00,4,169.0,2026-09-23 08:00:00+00:00,2026-09-23 09:00:00+00:00,2026-09-23 15:26:30+00:00,6.441666603088379,27.0,80.887596,2026-09-23 08:00:00+00:00,2026-09-23 09:00:00+00:00,2026-09-23 15:26:30+00:00,6.441666603088379,27.0,196,46.839073,True,True,True,True,True,True,True,True,True,True,True,True,True,False,True
2026-09-24 15:00:00+00:00,r0179_c0257,702650.0,9318650.0,106.83136669875783,-6.16100375891024,0.12643817,2026-09-06 03:00:01.974991+00:00,2026-09-07 10:55:03+00:00,LC09_L2SP_122064_20260906_02_T1,443.99945,0.09102345,2026-09-06 03:00:01.974991+00:00,2026-09-07 10:55:03+00:00,LC09_L2SP_122064_20260906_02_T1,443.99945,,,,,,0.0002595699,2026-09-21 06:32:39.865000+00:00,2026-09-21 07:14:57+00:00,S5P_L2_NO2____20260921T063116_20260921T063616_46320,80.45559,39.608986,2026-09-16 23:59:59+00:00,2026-09-24 09:50:23+00:00,VNP46A2.A2026259.h28v09.002.2026267095023.h5,183.00027,28.2,75.0,6.2,102.0,605.0,0.0,1011.9,2026-09-24 15:00:00+00:00,4,93.3125,2026-09-24 02:00:00+00:00,2026-09-24 03:00:00+00:00,2026-09-24 14:51:39+00:00,11.860833168029785,12.0,63.046356,2026-09-24 02:00:00+00:00,2026-09-24 03:00:00+00:00,2026-09-24 14:51:39+00:00,11.860833168029785,12.0,341,186.324,True,True,True,True,True,True,True,True,True,True,True,True,True,False,True
2026-09-24 18:00:00+00:00,r0185_c0404,717350.0,9318050.0,106.96418071677202,-6.165955698100809,0.40883029,2026-09-06 03:00:01.974991+00:00,2026-09-07 10:55:03+00:00,LC09_L2SP_122064_20260906_02_T1,446.99945,-0.11372588,2026-09-06 03:00:01.974991+00:00,2026-09-07 10:55:03+00:00,LC09_L2SP_122064_20260906_02_T1,446.99945,,,,,,6.1038816e-05,2026-09-22 06:14:01.343000+00:00,2026-09-22 06:55:50+00:00,S5P_L2_NO2____20260922T061116_20260922T061616_46334,59.766293,36.57042,2026-09-16 23:59:59+00:00,2026-09-24 09:50:23+00:00,VNP46A2.A2026259.h28v09.002.2026267095023.h5,186.00027,27.2,78.0,5.5,103.0,530.0,0.0,1011.3,2026-09-24 18:00:00+00:00,5,55.0,2026-09-24 08:00:00+00:00,2026-09-24 09:00:00+00:00,2026-09-24 15:23:41+00:00,6.394721984863281,9.0,29.334068,2026-09-24 08:00:00+00:00,2026-09-24 09:00:00+00:00,2026-09-24 15:23:41+00:00,6.394721984863281,9.0,377,141.45885,True,True,True,True,True,True,True,True,True,True,True,True,True,False,True
2026-09-24 18:00:00+00:00,r0191_c0196,696550.0,9317450.0,106.77629481210123,-6.172040448197625,0.1433072,2026-09-06 03:00:01.974991+00:00,2026-09-07 10:55:03+00:00,LC09_L2SP_122064_20260906_02_T1,446.99945,0.08539062,2026-09-06 03:00:01.974991+00:00,2026-09-07 10:55:03+00:00,LC09_L2SP_122064_20260906_02_T1,446.99945,,,,,,0.00022969503,2026-09-24 07:16:37.245000+00:00,2026-09-24 08:00:12+00:00,S5P_L2_NO2____20260924T071616_20260924T072116_46363,10.722987,42.150993,2026-09-16 23:59:59+00:00,2026-09-24 09:50:23+00:00,VNP46A2.A2026259.h28v09.002.2026267095023.h5,186.00027,27.2,78.0,5.5,103.0,530.0,0.0,1011.3,2026-09-24 18:00:00+00:00,4,61.9375,2026-09-24 08:00:00+00:00,2026-09-24 09:00:00+00:00,2026-09-24 15:23:41+00:00,6.394721984863281,9.0,50.13061,2026-09-24 08:00:00+00:00,2026-09-24 09:00:00+00:00,2026-09-24 15:23:41+00:00,6.394721984863281,9.0,404,57.939518,True,True,True,True,True,True,True,True,True,True,True,True,True,False,True
2026-09-24 21:00:00+00:00,r0286_c0300,706950.0,9307950.0,106.87055373573112,-6.2576119040855085,0.338674,2026-03-14 03:00:05.325622+00:00,2026-03-15 12:40:30+00:00,LC09_L2SP_122064_20260314_02_T1,4673.9985,0.016179629,2026-03-14 03:00:05.325622+00:00,2026-03-15 12:40:30+00:00,LC09_L2SP_122064_20260314_02_T1,4673.9985,,,,,,0.00012873522,2026-09-21 06:32:38.185000+00:00,2026-09-21 07:14:57+00:00,S5P_L2_NO2____20260921T063116_20260921T063616_46320,86.45606,43.356533,2026-09-16 23:59:59+00:00,2026-09-24 09:50:23+00:00,VNP46A2.A2026259.h28v09.002.2026267095023.h5,189.00027,26.2,85.0,3.7,129.0,215.0,0.0,1010.2,2026-09-24 21:00:00+00:00,4,61.9375,2026-09-24 08:00:00+00:00,2026-09-24 09:00:00+00:00,2026-09-24 15:23:41+00:00,6.394721984863281,12.0,50.13061,2026-09-24 08:00:00+00:00,2026-09-24 09:00:00+00:00,2026-09-24 15:23:41+00:00,6.394721984863281,12.0,787,37.54803,True,True,True,True,True,True,True,True,True,True,True,True,True,False,True
2026-09-25 00:00:00+00:00,r0231_c0354,712350.0,9313450.0,106.91916344513528,-6.207709597125023,0.1391524,2026-09-14 02:59:57.427524+00:00,2026-09-24 19:02:20+00:00,LC08_L2SP_122064_20260914_02_T1,261.0007,0.11859368,2026-09-14 02:59:57.427524+00:00,2026-09-24 19:02:20+00:00,LC08_L2SP_122064_20260914_02_T1,261.0007,,,,,,0.0005012925,2026-09-16 06:26:20.268000+00:00,2026-09-16 07:10:49+00:00,S5P_L2_NO2____20260916T062616_20260916T063116_46249,209.56104,37.13348,2026-09-16 23:59:59+00:00,2026-09-24 09:50:23+00:00,VNP46A2.A2026259.h28v09.002.2026267095023.h5,192.00027,27.3,76.0,3.6,90.0,445.0,0.0,1011.8,2026-09-25 00:00:00+00:00,5,55.0,2026-09-24 08:00:00+00:00,2026-09-24 09:00:00+00:00,2026-09-24 15:23:41+00:00,6.394721984863281,15.0,29.334068,2026-09-24 08:00:00+00:00,2026-09-24 09:00:00+00:00,2026-09-24 15:23:41+00:00,6.394721984863281,15.0,600,96.153824,True,True,True,True,True,True,True,True,True,True,True,True,True,False,True
2026-09-25 01:00:00+00:00,r0169_c0358,712750.0,9319650.0,106.92257475853177,-6.151641446954206,0.21228737,2026-09-14 02:59:57.427524+00:00,2026-09-24 19:02:20+00:00,LC08_L2SP_122064_20260914_02_T1,262.0007,0.053311247,2026-09-14 02:59:57.427524+00:00,2026-09-24 19:02:20+00:00,LC08_L2SP_122064_20260914_02_T1,262.0007,,,,,,0.00013770856,2026-09-24 07:16:37.245000+00:00,2026-09-24 08:00:12+00:00,S5P_L2_NO2____20260924T071616_20260924T072116_46363,17.722988,51.810818,2026-09-16 23:59:59+00:00,2026-09-24 09:50:23+00:00,VNP46A2.A2026259.h28v09.002.2026267095023.h5,193.00027,29.0,69.0,4.9,84.0,685.0,0.0,1012.3,2026-09-25 01:00:00+00:00,5,55.0,2026-09-24 08:00:00+00:00,2026-09-24 09:00:00+00:00,2026-09-24 15:23:41+00:00,6.394721984863281,16.0,29.334068,2026-09-24 08:00:00+00:00,2026-09-24 09:00:00+00:00,2026-09-24 15:23:41+00:00,6.394721984863281,16.0,242,138.5965,True,True,True,True,True,True,True,True,True,True,True,True,True,False,True
2026-09-25 02:00:00+00:00,r0186_c0207,697650.0,9317950.0,106.78621750757243,-6.167486272856267,0.3414602,2026-03-14 03:00:05.325622+00:00,2026-03-15 12:40:30+00:00,LC09_L2SP_122064_20260314_02_T1,4678.9985,-0.064375766,2026-03-14 03:00:05.325622+00:00,2026-03-15 12:40:30+00:00,LC09_L2SP_122064_20260314_02_T1,4678.9985,,,,,,0.00022969503,2026-09-24 07:16:37.245000+00:00,2026-09-24 08:00:12+00:00,S5P_L2_NO2____20260924T071616_20260924T072116_46363,18.722988,52.33251,2026-09-16 23:59:59+00:00,2026-09-24 09:50:23+00:00,VNP46A2.A2026259.h28v09.002.2026267095023.h5,194.00027,30.9,60.0,6.3,92.0,1110.0,0.0,1012.3,2026-09-25 02:00:00+00:00,4,61.9375,2026-09-24 08:00:00+00:00,2026-09-24 09:00:00+00:00,2026-09-24 15:23:41+00:00,6.394721984863281,17.0,50.13061,2026-09-24 08:00:00+00:00,2026-09-24 09:00:00+00:00,2026-09-24 15:23:41+00:00,6.394721984863281,17.0,378,84.9832,True,True,True,True,True,True,True,True,True,True,True,True,True,False,True
2026-09-25 03:00:00+00:00,r0158_c0134,690350.0,9320750.0,106.72018450968909,-6.142385278987826,0.37441006,2026-09-14 02:59:57.427524+00:00,2026-09-24 19:02:20+00:00,LC08_L2SP_122064_20260914_02_T1,264.0007,0.061829235,2026-09-14 02:59:57.427524+00:00,2026-09-24 19:02:20+00:00,LC08_L2SP_122064_20260914_02_T1,264.0007,,,,,,0.00012650508,2026-09-21 06:32:40.705000+00:00,2026-09-21 07:14:57+00:00,S5P_L2_NO2____20260921T063116_20260921T063616_46320,92.45536,42.237186,2026-09-16 23:59:59+00:00,2026-09-24 09:50:23+00:00,VNP46A2.A2026259.h28v09.002.2026267095023.h5,195.00027,32.8,53.0,6.7,104.0,1345.0,0.0,1012.1,2026-09-25 03:00:00+00:00,4,61.9375,2026-09-24 08:00:00+00:00,2026-09-24 09:00:00+00:00,2026-09-24 15:23:41+00:00,6.394721984863281,18.0,50.13061,2026-09-24 08:00:00+00:00,2026-09-24 09:00:00+00:00,2026-09-24 15:23:41+00:00,6.394721984863281,18.0,184,111.761635,True,True,True,True,True,True,True,True,True,True,True,True,True,False,True
2026-09-25 04:00:00+00:00,r0169_c0358,712750.0,9319650.0,106.92257475853177,-6.151641446954206,0.21228737,2026-09-14 02:59:57.427524+00:00,2026-09-24 19:02:20+00:00,LC08_L2SP_122064_20260914_02_T1,265.0007,0.053311247,2026-09-14 02:59:57.427524+00:00,2026-09-24 19:02:20+00:00,LC08_L2SP_122064_20260914_02_T1,265.0007,,,,,,0.00013770856,2026-09-24 07:16:37.245000+00:00,2026-09-24 08:00:12+00:00,S5P_L2_NO2____20260924T071616_20260924T072116_46363,20.722988,51.810818,2026-09-16 23:59:59+00:00,2026-09-24 09:50:23+00:00,VNP46A2.A2026259.h28v09.002.2026267095023.h5,196.00027,33.9,50.0,4.7,99.0,1550.0,0.0,1011.1,2026-09-25 04:00:00+00:00,5,55.0,2026-09-24 08:00:00+00:00,2026-09-24 09:00:00+00:00,2026-09-24 15:23:41+00:00,6.394721984863281,19.0,29.334068,2026-09-24 08:00:00+00:00,2026-09-24 09:00:00+00:00,2026-09-24 15:23:41+00:00,6.394721984863281,19.0,242,138.5965,True,True,True,True,True,True,True,True,True,True,True,True,True,False,True
2026-09-25 08:00:00+00:00,r0131_c0329,709850.0,9323450.0,106.89625645694457,-6.117378221063754,0.43640307,2026-09-14 02:59:57.427524+00:00,2026-09-24 19:02:20+00:00,LC08_L2SP_122064_20260914_02_T1,269.0007,-0.15395318,2026-09-14 02:59:57.427524+00:00,2026-09-24 19:02:20+00:00,LC08_L2SP_122064_20260914_02_T1,269.0007,,,,,,0.0001396398,2026-09-25 06:57:46.188000+00:00,2026-09-25 07:40:05+00:00,S5P_L2_NO2____20260925T065616_20260925T070116_46377,1.03717,62.23429,2026-09-16 23:59:59+00:00,2026-09-24 09:50:23+00:00,VNP46A2.A2026259.h28v09.002.2026267095023.h5,200.00027,34.3,42.0,11.1,27.0,1645.0,0.1,1007.9,2026-09-25 08:00:00+00:00,8,50.3125,2026-09-24 08:00:00+00:00,2026-09-24 09:00:00+00:00,2026-09-24 15:23:41+00:00,6.394721984863281,23.0,7.333517,2026-09-24 08:00:00+00:00,2026-09-24 09:00:00+00:00,2026-09-24 15:23:41+00:00,6.394721984863281,23.0,31,50.46774,True,True,True,True,True,True,True,True,True,True,True,True,True,False,True
2026-09-25 10:00:00+00:00,r0130_c0330,709950.0,9323550.0,106.8971565573073,-6.116470901267898,0.14253911,2026-09-14 02:59:57.427524+00:00,2026-09-24 19:02:20+00:00,LC08_L2SP_122064_20260914_02_T1,271.0007,0.13320284,2026-09-14 02:59:57.427524+00:00,2026-09-24 19:02:20+00:00,LC08_L2SP_122064_20260914_02_T1,271.0007,,,,,,0.0001396398,2026-09-25 06:57:46.188000+00:00,2026-09-25 07:40:05+00:00,S5P_L2_NO2____20260925T065616_20260925T070116_46377,3.03717,72.470825,2026-09-16 23:59:59+00:00,2026-09-24 09:50:23+00:00,VNP46A2.A2026259.h28v09.002.2026267095023.h5,202.00027,32.2,47.0,11.7,44.0,1175.0,0.0,1008.4,2026-09-25 10:00:00+00:00,8,50.3125,2026-09-24 08:00:00+00:00,2026-09-24 09:00:00+00:00,2026-09-24 15:23:41+00:00,6.394721984863281,25.0,7.333517,2026-09-24 08:00:00+00:00,2026-09-24 09:00:00+00:00,2026-09-24 15:23:41+00:00,6.394721984863281,25.0,26,91.119156,True,True,True,True,True,True,True,True,True,True,True,True,True,False,True
2026-09-25 13:00:00+00:00,r0179_c0409,717850.0,9318650.0,106.96867738060376,-6.160514492369033,0.39722967,2026-09-14 02:59:57.427524+00:00,2026-09-24 19:02:20+00:00,LC08_L2SP_122064_20260914_02_T1,274.0007,-0.09828858,2026-09-14 02:59:57.427524+00:00,2026-09-24 19:02:20+00:00,LC08_L2SP_122064_20260914_02_T1,274.0007,,,,,,9.183791e-05,2026-09-25 06:57:45.348000+00:00,2026-09-25 07:40:05+00:00,S5P_L2_NO2____20260925T065616_20260925T070116_46377,6.037403,36.31914,2026-09-17 23:59:59+00:00,2026-09-25 11:02:41+00:00,VNP46A2.A2026260.h28v09.002.2026268110241.h5,181.00027,29.6,61.0,6.7,96.0,850.0,0.0,1010.9,2026-09-25 13:00:00+00:00,5,55.0,2026-09-24 08:00:00+00:00,2026-09-24 09:00:00+00:00,2026-09-24 15:23:41+00:00,6.394721984863281,28.0,29.334068,2026-09-24 08:00:00+00:00,2026-09-24 09:00:00+00:00,2026-09-24 15:23:41+00:00,6.394721984863281,28.0,342,147.42155,True,True,True,True,True,True,True,True,True,True,True,True,True,False,True
2026-09-25 15:00:00+00:00,r0251_c0261,703050.0,9311450.0,106.83520512877189,-6.226090756389141,0.27528718,2026-09-14 02:59:57.427524+00:00,2026-09-24 19:02:20+00:00,LC08_L2SP_122064_20260914_02_T1,276.0007,0.0021558644,2026-09-14 02:59:57.427524+00:00,2026-09-24 19:02:20+00:00,LC08_L2SP_122064_20260914_02_T1,276.0007,,,,,,0.00015930927,2026-09-25 06:57:44.508000+00:00,2026-09-25 07:40:05+00:00,S5P_L2_NO2____20260925T065616_20260925T070116_46377,8.037637,72.09139,2026-09-17 23:59:59+00:00,2026-09-25 11:02:41+00:00,VNP46A2.A2026260.h28v09.002.2026268110241.h5,183.00027,28.9,67.0,4.4,109.0,785.0,0.0,1011.6,2026-09-25 15:00:00+00:00,4,108.0,2026-09-25 02:00:00+00:00,2026-09-25 03:00:00+00:00,2026-09-25 14:49:32+00:00,11.825555801391602,12.0,62.06126,2026-09-25 02:00:00+00:00,2026-09-25 03:00:00+00:00,2026-09-25 14:49:32+00:00,11.825555801391602,12.0,634,39.12496,True,True,True,True,True,True,True,True,True,True,True,True,True,False,True
2026-09-25 17:00:00+00:00,r0286_c0299,706850.0,9307950.0,106.8696501950794,-6.257615121872455,,,,,,,,,,,,,,,,0.0001541981,2026-09-25 06:57:43.668000+00:00,2026-09-25 07:40:05+00:00,S5P_L2_NO2____20260925T065616_20260925T070116_46377,10.03787,43.356533,2026-09-16 23:59:59+00:00,2026-09-24 09:50:23+00:00,VNP46A2.A2026259.h28v09.002.2026267095023.h5,209.00027,28.3,73.0,4.6,108.0,650.0,0.0,1011.1,2026-09-25 17:00:00+00:00,4,66.9375,2026-09-25 08:00:00+00:00,2026-09-25 09:00:00+00:00,2026-09-25 15:20:34+00:00,6.342777729034424,8.0,49.36442,2026-09-25 08:00:00+00:00,2026-09-25 09:00:00+00:00,2026-09-25 15:20:34+00:00,6.342777729034424,8.0,786,96.02546,True,True,True,True,True,True,True,True,True,True,True,False,False,False,True
2026-09-25 17:00:00+00:00,r0334_c0209,697850.0,9303150.0,106.78847775785762,-6.301298963247577,0.38169196,2026-09-14 03:00:21.352453+00:00,2026-09-24 18:59:42+00:00,LC08_L2SP_122065_20260914_02_T1,277.99408,-0.0047117383,2026-09-14 03:00:21.352453+00:00,2026-09-24 18:59:42+00:00,LC08_L2SP_122065_20260914_02_T1,277.99408,,,,,,0.00026804637,2026-09-25 06:57:43.668000+00:00,2026-09-25 07:40:05+00:00,S5P_L2_NO2____20260925T065616_20260925T070116_46377,10.03787,40.827812,2026-09-17 23:59:59+00:00,2026-09-25 11:02:41+00:00,VNP46A2.A2026260.h28v09.002.2026268110241.h5,185.00027,28.3,73.0,4.6,108.0,650.0,0.0,1011.1,2026-09-25 17:00:00+00:00,4,66.9375,2026-09-25 08:00:00+00:00,2026-09-25 09:00:00+00:00,2026-09-25 15:20:34+00:00,6.342777729034424,8.0,49.36442,2026-09-25 08:00:00+00:00,2026-09-25 09:00:00+00:00,2026-09-25 15:20:34+00:00,6.342777729034424,8.0,915,84.43964,True,True,True,True,True,True,True,True,True,True,True,True,True,False,True
2026-09-25 18:00:00+00:00,r0230_c0170,693950.0,9313550.0,106.75292143312132,-6.207382102251974,0.36756635,2026-03-14 03:00:05.325622+00:00,2026-03-15 12:40:30+00:00,LC09_L2SP_122064_20260314_02_T1,4694.9985,-0.055954844,2026-03-14 03:00:05.325622+00:00,2026-03-15 12:40:30+00:00,LC09_L2SP_122064_20260314_02_T1,4694.9985,,,,,,0.00028460938,2026-09-21 06:32:39.025000+00:00,2026-09-21 07:14:57+00:00,S5P_L2_NO2____20260921T063116_20260921T063616_46320,107.455826,52.40876,2026-09-17 23:59:59+00:00,2026-09-25 11:02:41+00:00,VNP46A2.A2026260.h28v09.002.2026268110241.h5,186.00027,28.3,70.0,6.1,93.0,620.0,0.0,1010.7,2026-09-25 18:00:00+00:00,4,66.9375,2026-09-25 08:00:00+00:00,2026-09-25 09:00:00+00:00,2026-09-25 15:20:34+00:00,6.342777729034424,9.0,49.36442,2026-09-25 08:00:00+00:00,2026-09-25 09:00:00+00:00,2026-09-25 15:20:34+00:00,6.342777729034424,9.0,586,42.40073,True,True,True,True,True,True,True,True,True,True,True,True,True,False,True
2026-09-25 19:00:00+00:00,r0192_c0340,710950.0,9317350.0,106.90638892641638,-6.172494562721259,0.2676639,2026-09-14 02:59:57.427524+00:00,2026-09-24 19:02:20+00:00,LC08_L2SP_122064_20260914_02_T1,280.0007,0.0067363577,2026-09-14 02:59:57.427524+00:00,2026-09-24 19:02:20+00:00,LC08_L2SP_122064_20260914_02_T1,280.0007,,,,,,0.00011172151,2026-09-25 06:57:45.348000+00:00,2026-09-25 07:40:05+00:00,S5P_L2_NO2____20260925T065616_20260925T070116_46377,12.037403,54.398636,2026-09-17 23:59:59+00:00,2026-09-25 11:02:41+00:00,VNP46A2.A2026260.h28v09.002.2026268110241.h5,187.00027,27.8,72.0,5.6,107.0,475.0,0.0,1010.2,2026-09-25 19:00:00+00:00,5,55.875,2026-09-25 08:00:00+00:00,2026-09-25 09:00:00+00:00,2026-09-25 15:20:34+00:00,6.342777729034424,10.0,28.458426,2026-09-25 08:00:00+00:00,2026-09-25 09:00:00+00:00,2026-09-25 15:20:34+00:00,6.342777729034424,10.0,411,207.78052,True,True,True,True,True,True,True,True,True,True,True,True,True,False,True
2026-09-25 21:00:00+00:00,r0212_c0267,703650.0,9315350.0,106.84050369464691,-6.190809819442487,0.19533877,2026-09-14 02:59:57.427524+00:00,2026-09-24 19:02:20+00:00,LC08_L2SP_122064_20260914_02_T1,282.0007,0.08996583,2026-09-14 02:59:57.427524+00:00,2026-09-24 19:02:20+00:00,LC08_L2SP_122064_20260914_02_T1,282.0007,,,,,,0.0002595699,2026-09-21 06:32:39.865000+00:00,2026-09-21 07:14:57+00:00,S5P_L2_NO2____20260921T063116_20260921T063616_46320,110.45559,73.60301,2026-09-17 23:59:59+00:00,2026-09-25 11:02:41+00:00,VNP46A2.A2026260.h28v09.002.2026268110241.h5,189.00027,27.2,74.0,4.1,135.0,315.0,0.0,1010.2,2026-09-25 21:00:00+00:00,4,66.9375,2026-09-25 08:00:00+00:00,2026-09-25 09:00:00+00:00,2026-09-25 15:20:34+00:00,6.342777729034424,12.0,49.36442,2026-09-25 08:00:00+00:00,2026-09-25 09:00:00+00:00,2026-09-25 15:20:34+00:00,6.342777729034424,12.0,512,121.63668,True,True,True,True,True,True,True,True,True,True,True,True,True,False,True
2026-09-25 23:00:00+00:00,r0374_c0241,701050.0,9299150.0,106.81752080812134,-6.3373655312211605,0.22439714,2026-09-06 03:00:25.891422+00:00,2026-09-07 10:54:59+00:00,LC09_L2SP_122065_20260906_02_T1,475.9928,0.05050283,2026-09-06 03:00:25.891422+00:00,2026-09-07 10:54:59+00:00,LC09_L2SP_122065_20260906_02_T1,475.9928,,,,,,0.00013363504,2026-09-20 06:51:21.268000+00:00,2026-09-20 07:36:34+00:00,S5P_L2_NO2____20260920T065116_20260920T065616_46306,136.14409,35.097076,2026-09-17 23:59:59+00:00,2026-09-25 11:02:41+00:00,VNP46A2.A2026260.h28v09.002.2026268110241.h5,191.00027,26.7,79.0,3.4,196.0,100.0,0.0,1010.7,2026-09-25 23:00:00+00:00,4,66.9375,2026-09-25 08:00:00+00:00,2026-09-25 09:00:00+00:00,2026-09-25 15:20:34+00:00,6.342777729034424,14.0,49.36442,2026-09-25 08:00:00+00:00,2026-09-25 09:00:00+00:00,2026-09-25 15:20:34+00:00,6.342777729034424,14.0,996,141.49219,True,True,True,True,True,True,True,True,True,True,True,True,True,False,True
2026-09-26 01:00:00+00:00,r0160_c0396,716550.0,9320550.0,106.956871298185,-6.143379894592471,0.30382138,2026-09-14 02:59:57.427524+00:00,2026-09-24 19:02:20+00:00,LC08_L2SP_122064_20260914_02_T1,286.0007,0.009383992,2026-09-14 02:59:57.427524+00:00,2026-09-24 19:02:20+00:00,LC08_L2SP_122064_20260914_02_T1,286.0007,,,,,,6.7184366e-05,2026-09-22 06:14:02.183000+00:00,2026-09-22 06:55:50+00:00,S5P_L2_NO2____20260922T061116_20260922T061616_46334,90.76606,29.868547,2026-09-17 23:59:59+00:00,2026-09-25 11:02:41+00:00,VNP46A2.A2026260.h28v09.002.2026268110241.h5,193.00027,29.7,64.0,3.7,101.0,750.0,0.0,1012.1,2026-09-26 01:00:00+00:00,5,55.875,2026-09-25 08:00:00+00:00,2026-09-25 09:00:00+00:00,2026-09-25 15:20:34+00:00,6.342777729034424,16.0,28.458426,2026-09-25 08:00:00+00:00,2026-09-25 09:00:00+00:00,2026-09-25 15:20:34+00:00,6.342777729034424,16.0,217,66.384605,True,True,True,True,True,True,True,True,True,True,True,True,True,False,True
2026-09-26 01:00:00+00:00,r0254_c0304,707350.0,9311150.0,106.87406501219117,-6.228666638000392,0.2139914,2026-09-14 02:59:57.427524+00:00,2026-09-24 19:02:20+00:00,LC08_L2SP_122064_20260914_02_T1,286.0007,0.107252344,2026-09-14 02:59:57.427524+00:00,2026-09-24 19:02:20+00:00,LC08_L2SP_122064_20260914_02_T1,286.0007,,,,,,0.00013825289,2026-09-25 06:57:44.508000+00:00,2026-09-25 07:40:05+00:00,S5P_L2_NO2____20260925T065616_20260925T070116_46377,18.037636,54.724895,2026-09-17 23:59:59+00:00,2026-09-25 11:02:41+00:00,VNP46A2.A2026260.h28v09.002.2026268110241.h5,193.00027,29.7,64.0,3.7,101.0,750.0,0.0,1012.1,2026-09-26 01:00:00+00:00,4,66.9375,2026-09-25 08:00:00+00:00,2026-09-25 09:00:00+00:00,2026-09-25 15:20:34+00:00,6.342777729034424,16.0,49.36442,2026-09-25 08:00:00+00:00,2026-09-25 09:00:00+00:00,2026-09-25 15:20:34+00:00,6.342777729034424,16.0,648,92.446365,True,True,True,True,True,True,True,True,True,True,True,True,True,False,True
2026-09-26 03:00:00+00:00,r0205_c0401,717050.0,9316050.0,106.96153726928637,-6.1840475361020095,0.32903686,2026-09-14 02:59:57.427524+00:00,2026-09-24 19:02:20+00:00,LC08_L2SP_122064_20260914_02_T1,288.0007,-0.009335855,2026-09-14 02:59:57.427524+00:00,2026-09-24 19:02:20+00:00,LC08_L2SP_122064_20260914_02_T1,288.0007,,,,,,9.183791e-05,2026-09-25 06:57:45.348000+00:00,2026-09-25 07:40:05+00:00,S5P_L2_NO2____20260925T065616_20260925T070116_46377,20.037403,50.25727,2026-09-17 23:59:59+00:00,2026-09-25 11:02:41+00:00,VNP46A2.A2026260.h28v09.002.2026268110241.h5,195.00027,33.2,51.0,3.5,62.0,1480.0,0.0,1011.9,2026-09-26 03:00:00+00:00,5,55.875,2026-09-25 08:00:00+00:00,2026-09-25 09:00:00+00:00,2026-09-25 15:20:34+00:00,6.342777729034424,18.0,28.458426,2026-09-25 08:00:00+00:00,2026-09-25 09:00:00+00:00,2026-09-25 15:20:34+00:00,6.342777729034424,18.0,485,143.41495,True,True,True,True,True,True,True,True,True,True,True,True,True,False,True
2026-09-26 04:00:00+00:00,r0217_c0247,701650.0,9314850.0,106.8224502728969,-6.195393001667885,0.23716591,2026-09-06 03:00:01.974991+00:00,2026-09-07 10:55:03+00:00,LC09_L2SP_122064_20260906_02_T1,480.99945,0.009798981,2026-09-06 03:00:01.974991+00:00,2026-09-07 10:55:03+00:00,LC09_L2SP_122064_20260906_02_T1,480.99945,,,,,,0.00015930927,2026-09-25 06:57:44.508000+00:00,2026-09-25 07:40:05+00:00,S5P_L2_NO2____20260925T065616_20260925T070116_46377,21.037636,88.53958,2026-09-17 23:59:59+00:00,2026-09-25 11:02:41+00:00,VNP46A2.A2026260.h28v09.002.2026268110241.h5,196.00027,34.2,48.0,4.3,358.0,1690.0,0.0,1011.0,2026-09-26 04:00:00+00:00,4,66.9375,2026-09-25 08:00:00+00:00,2026-09-25 09:00:00+00:00,2026-09-25 15:20:34+00:00,6.342777729034424,19.0,49.36442,2026-09-25 08:00:00+00:00,2026-09-25 09:00:00+00:00,2026-09-25 15:20:34+00:00,6.342777729034424,19.0,535,31.918152,True,True,True,True,True,True,True,True,True,True,True,True,True,False,True
2026-09-26 05:00:00+00:00,r0323_c0341,711050.0,9304250.0,106.90772018413267,-6.290931011592774,0.30900657,2026-09-14 02:59:57.427524+00:00,2026-09-24 19:02:20+00:00,LC08_L2SP_122064_20260914_02_T1,290.0007,0.041988734,2026-09-14 02:59:57.427524+00:00,2026-09-24 19:02:20+00:00,LC08_L2SP_122064_20260914_02_T1,290.0007,,,,,,0.00010355415,2026-09-21 06:32:37.345000+00:00,2026-09-21 07:14:57+00:00,S5P_L2_NO2____20260921T063116_20260921T063616_46320,118.45629,34.203148,2026-09-16 23:59:59+00:00,2026-09-24 09:50:23+00:00,VNP46A2.A2026259.h28v09.002.2026267095023.h5,221.00027,33.1,53.0,9.8,353.0,1210.0,0.1,1009.7,2026-09-26 05:00:00+00:00,5,55.875,2026-09-25 08:00:00+00:00,2026-09-25 09:00:00+00:00,2026-09-25 15:20:34+00:00,6.342777729034424,20.0,28.458426,2026-09-25 08:00:00+00:00,2026-09-25 09:00:00+00:00,2026-09-25 15:20:34+00:00,6.342777729034424,20.0,894,87.61971,True,True,True,True,True,True,True,True,True,True,True,True,True,False,True
2026-09-26 19:00:00+00:00,r0269_c0165,693450.0,9309650.0,106.7485205004993,-6.242660866784274,0.20697251,2026-09-14 02:59:57.427524+00:00,2026-09-24 19:02:20+00:00,LC08_L2SP_122064_20260914_02_T1,304.0007,0.120196916,2026-09-14 02:59:57.427524+00:00,2026-09-24 19:02:20+00:00,LC08_L2SP_122064_20260914_02_T1,304.0007,,,,,,0.00027103745,2026-09-25 06:57:44.508000+00:00,2026-09-25 07:40:05+00:00,S5P_L2_NO2____20260925T065616_20260925T070116_46377,36.037636,40.666904,2026-09-17 23:59:59+00:00,2026-09-25 11:02:41+00:00,VNP46A2.A2026260.h28v09.002.2026268110241.h5,211.00027,27.0,82.0,2.6,219.0,50.0,0.0,1009.7,2026-09-26 19:00:00+00:00,4,90.6875,2026-09-26 08:00:00+00:00,2026-09-26 09:00:00+00:00,2026-09-26 15:23:46+00:00,6.396111011505127,10.0,48.16041,2026-09-26 08:00:00+00:00,2026-09-26 09:00:00+00:00,2026-09-26 15:23:46+00:00,6.396111011505127,10.0,707,185.48405,True,True,True,True,True,True,True,True,True,True,True,True,True,False,True
2026-09-26 20:00:00+00:00,r0309_c0310,707950.0,9305650.0,106.8796635769479,-6.278374702969262,0.40295354,2026-09-06 03:00:01.974991+00:00,2026-09-07 10:55:03+00:00,LC09_L2SP_122064_20260906_02_T1,496.99945,-0.06913488,2026-09-06 03:00:01.974991+00:00,2026-09-07 10:55:03+00:00,LC09_L2SP_122064_20260906_02_T1,496.99945,,,,,,0.0001541981,2026-09-25 06:57:43.668000+00:00,2026-09-25 07:40:05+00:00,S5P_L2_NO2____20260925T065616_20260925T070116_46377,37.03787,33.084393,2026-09-16 23:59:59+00:00,2026-09-24 09:50:23+00:00,VNP46A2.A2026259.h28v09.002.2026267095023.h5,236.00027,26.8,83.0,2.4,234.0,70.0,0.0,1009.5,2026-09-26 20:00:00+00:00,5,68.9375,2026-09-26 08:00:00+00:00,2026-09-26 09:00:00+00:00,2026-09-26 15:23:46+00:00,6.396111011505127,11.0,27.473326,2026-09-26 08:00:00+00:00,2026-09-26 09:00:00+00:00,2026-09-26 15:23:46+00:00,6.396111011505127,11.0,858,111.86023,True,True,True,True,True,True,True,True,True,True,True,True,True,False,True
2026-09-27 01:00:00+00:00,r0157_c0391,716050.0,9320850.0,106.95234490710928,-6.140684108293399,0.23672467,2026-09-14 02:59:57.427524+00:00,2026-09-24 19:02:20+00:00,LC08_L2SP_122064_20260914_02_T1,310.0007,0.10858988,2026-09-14 02:59:57.427524+00:00,2026-09-24 19:02:20+00:00,LC08_L2SP_122064_20260914_02_T1,310.0007,,,,,,4.4087246e-05,2026-09-26 06:38:58.789000+00:00,2026-09-26 07:21:24+00:00,S5P_L2_NO2____20260926T063616_20260926T064116_46391,18.350336,32.21515,2026-09-17 23:59:59+00:00,2026-09-25 11:02:41+00:00,VNP46A2.A2026260.h28v09.002.2026268110241.h5,217.00027,29.1,65.0,2.3,176.0,675.0,0.0,1011.6,2026-09-27 01:00:00+00:00,5,68.9375,2026-09-26 08:00:00+00:00,2026-09-26 09:00:00+00:00,2026-09-26 15:23:46+00:00,6.396111011505127,16.0,27.473326,2026-09-26 08:00:00+00:00,2026-09-26 09:00:00+00:00,2026-09-26 15:23:46+00:00,6.396111011505127,16.0,180,137.78383,True,True,True,True,True,True,True,True,True,True,True,True,True,False,True
2026-09-27 01:00:00+00:00,r0201_c0289,705850.0,9316450.0,106.86034451878496,-6.1807949119048455,0.12625109,2026-09-06 03:00:01.974991+00:00,2026-09-07 10:55:03+00:00,LC09_L2SP_122064_20260906_02_T1,501.99945,0.12805043,2026-09-06 03:00:01.974991+00:00,2026-09-07 10:55:03+00:00,LC09_L2SP_122064_20260906_02_T1,501.99945,,,,,,0.00012790143,2026-09-26 06:38:58.789000+00:00,2026-09-26 07:21:24+00:00,S5P_L2_NO2____20260926T063616_20260926T064116_46391,18.350336,56.938587,2026-09-17 23:59:59+00:00,2026-09-25 11:02:41+00:00,VNP46A2.A2026260.h28v09.002.2026268110241.h5,217.00027,29.1,65.0,2.3,176.0,675.0,0.0,1011.6,2026-09-27 01:00:00+00:00,4,90.6875,2026-09-26 08:00:00+00:00,2026-09-26 09:00:00+00:00,2026-09-26 15:23:46+00:00,6.396111011505127,16.0,48.16041,2026-09-26 08:00:00+00:00,2026-09-26 09:00:00+00:00,2026-09-26 15:23:46+00:00,6.396111011505127,16.0,463,46.138165,True,True,True,True,True,True,True,True,True,True,True,True,True,False,True
2026-09-27 04:00:00+00:00,r0366_c0255,702450.0,9299950.0,106.83014715400776,-6.330087788197749,0.29650328,2026-09-06 03:00:01.974991+00:00,2026-09-07 10:55:03+00:00,LC09_L2SP_122064_20260906_02_T1,504.99945,-0.014914373,2026-09-06 03:00:01.974991+00:00,2026-09-07 10:55:03+00:00,LC09_L2SP_122064_20260906_02_T1,504.99945,,,,,,0.00013363504,2026-09-20 06:51:21.268000+00:00,2026-09-20 07:36:34+00:00,S5P_L2_NO2____20260920T065116_20260920T065616_46306,165.14409,41.092632,2026-09-17 23:59:59+00:00,2026-09-25 11:02:41+00:00,VNP46A2.A2026260.h28v09.002.2026268110241.h5,220.00027,32.7,53.0,2.1,15.0,1365.0,0.0,1011.2,2026-09-27 04:00:00+00:00,4,90.6875,2026-09-26 08:00:00+00:00,2026-09-26 09:00:00+00:00,2026-09-26 15:23:46+00:00,6.396111011505127,19.0,48.16041,2026-09-26 08:00:00+00:00,2026-09-26 09:00:00+00:00,2026-09-26 15:23:46+00:00,6.396111011505127,19.0,976,8.876886,True,True,True,True,True,True,True,True,True,True,True,True,True,False,True
2026-09-27 07:00:00+00:00,r0334_c0210,697950.0,9303150.0,106.78938141497714,-6.301295863687369,0.45032278,2026-09-14 03:00:21.352453+00:00,2026-09-24 18:59:42+00:00,LC08_L2SP_122065_20260914_02_T1,315.99408,-0.07265999,2026-09-14 03:00:21.352453+00:00,2026-09-24 18:59:42+00:00,LC08_L2SP_122065_20260914_02_T1,315.99408,,,,,,0.00017778517,2026-09-26 06:38:56.269000+00:00,2026-09-26 07:21:24+00:00,S5P_L2_NO2____20260926T063616_20260926T064116_46391,24.351036,40.827812,2026-09-17 23:59:59+00:00,2026-09-25 11:02:41+00:00,VNP46A2.A2026260.h28v09.002.2026268110241.h5,223.00027,31.8,56.0,10.2,350.0,995.0,2.3,1008.6,2026-09-27 07:00:00+00:00,4,90.6875,2026-09-26 08:00:00+00:00,2026-09-26 09:00:00+00:00,2026-09-26 15:23:46+00:00,6.396111011505127,22.0,48.16041,2026-09-26 08:00:00+00:00,2026-09-26 09:00:00+00:00,2026-09-26 15:23:46+00:00,6.396111011505127,22.0,916,31.548203,True,True,True,True,True,True,True,True,True,True,True,True,True,False,True
2026-09-27 08:00:00+00:00,r0141_c0133,690250.0,9322450.0,106.71923182697596,-6.127016482924121,0.12921925,2026-09-14 02:59:57.427524+00:00,2026-09-24 19:02:20+00:00,LC08_L2SP_122064_20260914_02_T1,317.0007,0.14502668,2026-09-14 02:59:57.427524+00:00,2026-09-24 19:02:20+00:00,LC08_L2SP_122064_20260914_02_T1,317.0007,,,,,,7.52086e-05,2026-09-26 06:38:59.629000+00:00,2026-09-26 07:21:24+00:00,S5P_L2_NO2____20260926T063616_20260926T064116_46391,25.350103,47.415363,2026-09-17 23:59:59+00:00,2026-09-25 11:02:41+00:00,VNP46A2.A2026260.h28v09.002.2026268110241.h5,224.00027,31.8,57.0,8.1,6.0,1060.0,0.2,1007.9,2026-09-27 08:00:00+00:00,4,90.6875,2026-09-26 08:00:00+00:00,2026-09-26 09:00:00+00:00,2026-09-26 15:23:46+00:00,6.396111011505127,23.0,48.16041,2026-09-26 08:00:00+00:00,2026-09-26 09:00:00+00:00,2026-09-26 15:23:46+00:00,6.396111011505127,23.0,71,133.93648,True,True,True,True,True,True,True,True,True,True,True,True,True,False,True
2026-09-27 08:00:00+00:00,r0180_c0233,700250.0,9318550.0,106.80968812854414,-6.16198195628992,0.24091414,2026-09-14 02:59:57.427524+00:00,2026-09-24 19:02:20+00:00,LC08_L2SP_122064_20260914_02_T1,317.0007,0.02115357,2026-09-14 02:59:57.427524+00:00,2026-09-24 19:02:20+00:00,LC08_L2SP_122064_20260914_02_T1,317.0007,,,,,,0.00019474493,2026-09-26 06:38:58.789000+00:00,2026-09-26 07:21:24+00:00,S5P_L2_NO2____20260926T063616_20260926T064116_46391,25.350336,62.426514,2026-09-17 23:59:59+00:00,2026-09-25 11:02:41+00:00,VNP46A2.A2026260.h28v09.002.2026268110241.h5,224.00027,31.8,57.0,8.1,6.0,1060.0,0.2,1007.9,2026-09-27 08:00:00+00:00,4,90.6875,2026-09-26 08:00:00+00:00,2026-09-26 09:00:00+00:00,2026-09-26 15:23:46+00:00,6.396111011505127,23.0,48.16041,2026-09-26 08:00:00+00:00,2026-09-26 09:00:00+00:00,2026-09-26 15:23:46+00:00,6.396111011505127,23.0,349,143.71957,True,True,True,True,True,True,True,True,True,True,True,True,True,False,True
2026-09-27 10:00:00+00:00,r0320_c0315,708450.0,9304550.0,106.88421721446393,-6.288303891344208,0.19639686,2026-09-14 02:59:57.427524+00:00,2026-09-24 19:02:20+00:00,LC08_L2SP_122064_20260914_02_T1,319.0007,0.14466031,2026-09-14 02:59:57.427524+00:00,2026-09-24 19:02:20+00:00,LC08_L2SP_122064_20260914_02_T1,319.0007,,,,,,0.00014832709,2026-09-21 06:32:37.345000+00:00,2026-09-21 07:14:57+00:00,S5P_L2_NO2____20260921T063116_20260921T063616_46320,147.4563,43.412178,2026-09-16 23:59:59+00:00,2026-09-24 09:50:23+00:00,VNP46A2.A2026259.h28v09.002.2026267095023.h5,250.00027,28.6,72.0,1.2,63.0,330.0,0.2,1008.8,2026-09-27 10:00:00+00:00,5,68.9375,2026-09-26 08:00:00+00:00,2026-09-26 09:00:00+00:00,2026-09-26 15:23:46+00:00,6.396111011505127,25.0,27.473326,2026-09-26 08:00:00+00:00,2026-09-26 09:00:00+00:00,2026-09-26 15:23:46+00:00,6.396111011505127,25.0,887,134.50046,True,True,True,True,True,True,True,True,True,True,True,True,True,False,True
2026-09-27 11:00:00+00:00,r0324_c0343,711250.0,9304150.0,106.90953064114225,-6.291828525302539,0.39429113,2026-09-06 03:00:01.974991+00:00,2026-09-07 10:55:03+00:00,LC09_L2SP_122064_20260906_02_T1,511.99945,-0.034502804,2026-09-06 03:00:01.974991+00:00,2026-09-07 10:55:03+00:00,LC09_L2SP_122064_20260906_02_T1,511.99945,,,,,,0.00010355415,2026-09-21 06:32:37.345000+00:00,2026-09-21 07:14:57+00:00,S5P_L2_NO2____20260921T063116_20260921T063616_46320,148.4563,34.285576,2026-09-16 23:59:59+00:00,2026-09-24 09:50:23+00:00,VNP46A2.A2026259.h28v09.002.2026267095023.h5,251.00027,27.8,76.0,7.0,13.0,360.0,0.1,1009.9,2026-09-27 11:00:00+00:00,5,68.9375,2026-09-26 08:00:00+00:00,2026-09-26 09:00:00+00:00,2026-09-26 15:23:46+00:00,6.396111011505127,26.0,27.473326,2026-09-26 08:00:00+00:00,2026-09-26 09:00:00+00:00,2026-09-26 15:23:46+00:00,6.396111011505127,26.0,899,161.01549,True,True,True,True,True,True,True,True,True,True,True,True,True,False,True
2026-09-27 11:00:00+00:00,r0341_c0338,710750.0,9302450.0,106.90506880357985,-6.307215041364027,0.2374861,2026-09-14 02:59:57.427524+00:00,2026-09-24 19:02:20+00:00,LC08_L2SP_122064_20260914_02_T1,320.0007,0.005404511,2026-09-14 02:59:57.427524+00:00,2026-09-24 19:02:20+00:00,LC08_L2SP_122064_20260914_02_T1,320.0007,,,,,,0.00010355415,2026-09-21 06:32:37.345000+00:00,2026-09-21 07:14:57+00:00,S5P_L2_NO2____20260921T063116_20260921T063616_46320,148.4563,33.272568,2026-09-16 23:59:59+00:00,2026-09-24 09:50:23+00:00,VNP46A2.A2026259.h28v09.002.2026267095023.h5,251.00027,27.8,76.0,7.0,13.0,360.0,0.1,1009.9,2026-09-27 11:00:00+00:00,5,68.9375,2026-09-26 08:00:00+00:00,2026-09-26 09:00:00+00:00,2026-09-26 15:23:46+00:00,6.396111011505127,26.0,27.473326,2026-09-26 08:00:00+00:00,2026-09-26 09:00:00+00:00,2026-09-26 15:23:46+00:00,6.396111011505127,26.0,940,32.484795,True,True,True,True,True,True,True,True,True,True,True,True,True,False,True
2026-09-27 12:00:00+00:00,r0315_c0291,706050.0,9305050.0,106.86251492296294,-6.283860924661637,0.1957891,2026-09-06 03:00:01.974991+00:00,2026-09-07 10:55:03+00:00,LC09_L2SP_122064_20260906_02_T1,512.99945,0.060452193,2026-09-06 03:00:01.974991+00:00,2026-09-07 10:55:03+00:00,LC09_L2SP_122064_20260906_02_T1,512.99945,,,,,,0.0001541981,2026-09-25 06:57:43.668000+00:00,2026-09-25 07:40:05+00:00,S5P_L2_NO2____20260925T065616_20260925T070116_46377,53.03787,39.843952,2026-09-16 23:59:59+00:00,2026-09-24 09:50:23+00:00,VNP46A2.A2026259.h28v09.002.2026267095023.h5,252.00027,28.7,73.0,4.2,80.0,315.0,0.1,1010.7,2026-09-27 12:00:00+00:00,4,90.6875,2026-09-26 08:00:00+00:00,2026-09-26 09:00:00+00:00,2026-09-26 15:23:46+00:00,6.396111011505127,27.0,48.16041,2026-09-26 08:00:00+00:00,2026-09-26 09:00:00+00:00,2026-09-26 15:23:46+00:00,6.396111011505127,27.0,879,176.84877,True,True,True,True,True,True,True,True,True,True,True,True,True,False,True
2026-09-27 16:00:00+00:00,r0141_c0299,706850.0,9322450.0,106.86918901478928,-6.126514672100474,-0.03326485,2026-03-14 03:00:05.325622+00:00,2026-03-15 12:40:30+00:00,LC09_L2SP_122064_20260314_02_T1,4740.9985,-0.2022506,2026-03-14 03:00:05.325622+00:00,2026-03-15 12:40:30+00:00,LC09_L2SP_122064_20260314_02_T1,4740.9985,,,,,,8.748479e-05,2026-09-27 06:20:18.833000+00:00,2026-09-27 07:01:50+00:00,S5P_L2_NO2____20260927T061616_20260927T062116_46405,9.661435,54.96524,2026-09-17 23:59:59+00:00,2026-09-25 11:02:41+00:00,VNP46A2.A2026260.h28v09.002.2026268110241.h5,232.00027,24.6,95.0,8.6,112.0,145.0,0.2,1012.6,2026-09-27 16:00:00+00:00,4,130.0,2026-09-27 08:00:00+00:00,2026-09-27 09:00:00+00:00,2026-09-27 15:30:03+00:00,6.500833511352539,7.0,59.653236,2026-09-27 08:00:00+00:00,2026-09-27 09:00:00+00:00,2026-09-27 15:30:03+00:00,6.500833511352539,7.0,77,191.52219,True,True,True,True,True,True,True,True,True,True,True,True,True,False,True
2026-09-27 17:00:00+00:00,r0208_c0245,701450.0,9315750.0,106.82061547978617,-6.187261713899937,0.18752404,2026-09-14 02:59:57.427524+00:00,2026-09-24 19:02:20+00:00,LC08_L2SP_122064_20260914_02_T1,326.0007,0.08403137,2026-09-14 02:59:57.427524+00:00,2026-09-24 19:02:20+00:00,LC08_L2SP_122064_20260914_02_T1,326.0007,,,,,,0.00019474493,2026-09-26 06:38:58.789000+00:00,2026-09-26 07:21:24+00:00,S5P_L2_NO2____20260926T063616_20260926T064116_46391,34.350338,91.13324,2026-09-17 23:59:59+00:00,2026-09-25 11:02:41+00:00,VNP46A2.A2026260.h28v09.002.2026268110241.h5,233.00027,24.7,90.0,4.1,90.0,125.0,0.1,1012.1,2026-09-27 17:00:00+00:00,4,130.0,2026-09-27 08:00:00+00:00,2026-09-27 09:00:00+00:00,2026-09-27 15:30:03+00:00,6.500833511352539,8.0,59.653236,2026-09-27 08:00:00+00:00,2026-09-27 09:00:00+00:00,2026-09-27 15:30:03+00:00,6.500833511352539,8.0,500,69.52909,True,True,True,True,True,True,True,True,True,True,True,True,True,False,True
2026-09-27 17:00:00+00:00,r0310_c0273,704250.0,9305550.0,106.84623429633413,-6.279397848715454,0.23767653,2026-09-14 02:59:57.427524+00:00,2026-09-24 19:02:20+00:00,LC08_L2SP_122064_20260914_02_T1,326.0007,0.038172774,2026-09-14 02:59:57.427524+00:00,2026-09-24 19:02:20+00:00,LC08_L2SP_122064_20260914_02_T1,326.0007,,,,,,0.00016022866,2026-09-26 06:38:57.109000+00:00,2026-09-26 07:21:24+00:00,S5P_L2_NO2____20260926T063616_20260926T064116_46391,34.350803,36.98633,2026-09-17 23:59:59+00:00,2026-09-25 11:02:41+00:00,VNP46A2.A2026260.h28v09.002.2026268110241.h5,233.00027,24.7,90.0,4.1,90.0,125.0,0.1,1012.1,2026-09-27 17:00:00+00:00,4,130.0,2026-09-27 08:00:00+00:00,2026-09-27 09:00:00+00:00,2026-09-27 15:30:03+00:00,6.500833511352539,8.0,59.653236,2026-09-27 08:00:00+00:00,2026-09-27 09:00:00+00:00,2026-09-27 15:30:03+00:00,6.500833511352539,8.0,863,115.760666,True,True,True,True,True,True,True,True,True,True,True,True,True,False,True
2026-09-27 18:00:00+00:00,r0168_c0192,696150.0,9319750.0,106.77261201643577,-6.151256103542853,0.13207941,2026-09-06 03:00:01.974991+00:00,2026-09-07 10:55:03+00:00,LC09_L2SP_122064_20260906_02_T1,518.99945,0.074348755,2026-09-06 03:00:01.974991+00:00,2026-09-07 10:55:03+00:00,LC09_L2SP_122064_20260906_02_T1,518.99945,,,,,,0.0001589836,2026-09-26 06:38:58.789000+00:00,2026-09-26 07:21:24+00:00,S5P_L2_NO2____20260926T063616_20260926T064116_46391,35.350338,48.288944,2026-09-17 23:59:59+00:00,2026-09-25 11:02:41+00:00,VNP46A2.A2026260.h28v09.002.2026268110241.h5,234.00027,25.4,90.0,2.0,225.0,50.0,0.1,1011.6,2026-09-27 18:00:00+00:00,4,130.0,2026-09-27 08:00:00+00:00,2026-09-27 09:00:00+00:00,2026-09-27 15:30:03+00:00,6.500833511352539,9.0,59.653236,2026-09-27 08:00:00+00:00,2026-09-27 09:00:00+00:00,2026-09-27 15:30:03+00:00,6.500833511352539,9.0,229,145.72084,True,True,True,True,True,True,True,True,True,True,True,True,True,False,True
2026-09-27 22:00:00+00:00,r0378_c0334,710350.0,9298750.0,106.90157663824553,-6.340680673966837,0.42049757,2026-09-06 03:00:25.891422+00:00,2026-09-07 10:54:59+00:00,LC09_L2SP_122065_20260906_02_T1,522.9928,-0.0959469,2026-09-06 03:00:25.891422+00:00,2026-09-07 10:54:59+00:00,LC09_L2SP_122065_20260906_02_T1,522.9928,,,,,,0.00012632161,2026-09-21 06:32:36.505000+00:00,2026-09-21 07:14:57+00:00,S5P_L2_NO2____20260921T063116_20260921T063616_46320,159.45653,32.7454,2026-09-16 23:59:59+00:00,2026-09-24 09:50:23+00:00,VNP46A2.A2026259.h28v09.002.2026267095023.h5,262.00027,25.0,90.0,4.4,159.0,55.0,0.0,1010.4,2026-09-27 22:00:00+00:00,5,104.0,2026-09-27 08:00:00+00:00,2026-09-27 09:00:00+00:00,2026-09-27 15:30:03+00:00,6.500833511352539,13.0,45.205112,2026-09-27 08:00:00+00:00,2026-09-27 09:00:00+00:00,2026-09-27 15:30:03+00:00,6.500833511352539,13.0,1000,106.36782,True,True,True,True,True,True,True,True,True,True,True,True,True,False,True
2026-09-28 01:00:00+00:00,r0379_c0352,712150.0,9298650.0,106.91784592339286,-6.341524856528335,0.40682924,2026-09-06 03:00:25.891422+00:00,2026-09-07 10:54:59+00:00,LC09_L2SP_122065_20260906_02_T1,525.9928,-0.09890876,2026-09-06 03:00:25.891422+00:00,2026-09-07 10:54:59+00:00,LC09_L2SP_122065_20260906_02_T1,525.9928,40.49141,2026-09-06 03:00:25.891422+00:00,2026-09-07 10:54:59+00:00,LC09_L2SP_122065_20260906_02_T1,525.9928,0.00012632161,2026-09-21 06:32:36.505000+00:00,2026-09-21 07:14:57+00:00,S5P_L2_NO2____20260921T063116_20260921T063616_46320,162.45653,31.461998,2026-09-16 23:59:59+00:00,2026-09-24 09:50:23+00:00,VNP46A2.A2026259.h28v09.002.2026267095023.h5,265.00027,29.1,67.0,5.4,96.0,640.0,0.0,1011.8,2026-09-28 01:00:00+00:00,5,104.0,2026-09-27 08:00:00+00:00,2026-09-27 09:00:00+00:00,2026-09-27 15:30:03+00:00,6.500833511352539,16.0,45.205112,2026-09-27 08:00:00+00:00,2026-09-27 09:00:00+00:00,2026-09-27 15:30:03+00:00,6.500833511352539,16.0,1009,16.009691,True,True,True,True,True,True,True,True,True,True,True,True,True,True,True
2026-09-28 06:00:00+00:00,r0135_c0324,709350.0,9323050.0,106.89175272808352,-6.121010679264593,0.28145707,2026-09-06 03:00:01.974991+00:00,2026-09-07 10:55:03+00:00,LC09_L2SP_122064_20260906_02_T1,530.99945,-0.032213025,2026-09-06 03:00:01.974991+00:00,2026-09-07 10:55:03+00:00,LC09_L2SP_122064_20260906_02_T1,530.99945,,,,,,8.748479e-05,2026-09-27 06:20:18.833000+00:00,2026-09-27 07:01:50+00:00,S5P_L2_NO2____20260927T061616_20260927T062116_46405,23.661436,70.58614,2026-09-17 23:59:59+00:00,2026-09-25 11:02:41+00:00,VNP46A2.A2026260.h28v09.002.2026268110241.h5,246.00027,34.8,43.0,9.8,7.0,1635.0,0.0,1009.4,2026-09-28 06:00:00+00:00,8,54.4375,2026-09-27 08:00:00+00:00,2026-09-27 09:00:00+00:00,2026-09-27 15:30:03+00:00,6.500833511352539,21.0,6.4989195,2026-09-27 08:00:00+00:00,2026-09-27 09:00:00+00:00,2026-09-27 15:30:03+00:00,6.500833511352539,21.0,45,123.56762,True,True,True,True,True,True,True,True,True,True,True,True,True,False,True
2026-09-28 06:00:00+00:00,r0198_c0319,708850.0,9316750.0,106.88743712901892,-6.177986969570552,0.20903824,2026-09-06 03:00:01.974991+00:00,2026-09-07 10:55:03+00:00,LC09_L2SP_122064_20260906_02_T1,530.99945,0.013909323,2026-09-06 03:00:01.974991+00:00,2026-09-07 10:55:03+00:00,LC09_L2SP_122064_20260906_02_T1,530.99945,,,,,,0.00012790143,2026-09-26 06:38:58.789000+00:00,2026-09-26 07:21:24+00:00,S5P_L2_NO2____20260926T063616_20260926T064116_46391,47.350338,54.085617,2026-09-17 23:59:59+00:00,2026-09-25 11:02:41+00:00,VNP46A2.A2026260.h28v09.002.2026268110241.h5,246.00027,34.8,43.0,9.8,7.0,1635.0,0.0,1009.4,2026-09-28 06:00:00+00:00,5,104.0,2026-09-27 08:00:00+00:00,2026-09-27 09:00:00+00:00,2026-09-27 15:30:03+00:00,6.500833511352539,21.0,45.205112,2026-09-27 08:00:00+00:00,2026-09-27 09:00:00+00:00,2026-09-27 15:30:03+00:00,6.500833511352539,21.0,451,60.090992,True,True,True,True,True,True,True,True,True,True,True,True,True,False,True
2026-09-28 09:00:00+00:00,r0286_c0299,706850.0,9307950.0,106.8696501950794,-6.257615121872455,,,,,,,,,,,,,,,,0.0001541981,2026-09-25 06:57:43.668000+00:00,2026-09-25 07:40:05+00:00,S5P_L2_NO2____20260925T065616_20260925T070116_46377,74.03787,43.356533,2026-09-16 23:59:59+00:00,2026-09-24 09:50:23+00:00,VNP46A2.A2026259.h28v09.002.2026267095023.h5,273.00027,32.1,55.0,10.9,12.0,980.0,0.0,1008.6,2026-09-28 09:00:00+00:00,4,130.0,2026-09-27 08:00:00+00:00,2026-09-27 09:00:00+00:00,2026-09-27 15:30:03+00:00,6.500833511352539,24.0,59.653236,2026-09-27 08:00:00+00:00,2026-09-27 09:00:00+00:00,2026-09-27 15:30:03+00:00,6.500833511352539,24.0,786,96.02546,True,True,True,True,True,True,True,True,True,True,True,False,False,False,True
2026-09-28 10:00:00+00:00,r0195_c0410,717950.0,9317050.0,106.96963410599012,-6.174976573047184,0.23236434,2026-09-14 02:59:57.427524+00:00,2026-09-24 19:02:20+00:00,LC08_L2SP_122064_20260914_02_T1,343.0007,0.019088728,2026-09-14 02:59:57.427524+00:00,2026-09-24 19:02:20+00:00,LC08_L2SP_122064_20260914_02_T1,343.0007,,,,,,9.183791e-05,2026-09-25 06:57:45.348000+00:00,2026-09-25 07:40:05+00:00,S5P_L2_NO2____20260925T065616_20260925T070116_46377,75.03741,42.66743,2026-09-17 23:59:59+00:00,2026-09-25 11:02:41+00:00,VNP46A2.A2026260.h28v09.002.2026268110241.h5,250.00027,30.8,61.0,8.6,2.0,775.0,0.0,1009.3,2026-09-28 10:00:00+00:00,5,104.0,2026-09-27 08:00:00+00:00,2026-09-27 09:00:00+00:00,2026-09-27 15:30:03+00:00,6.500833511352539,25.0,45.205112,2026-09-27 08:00:00+00:00,2026-09-27 09:00:00+00:00,2026-09-27 15:30:03+00:00,6.500833511352539,25.0,436,148.48402,True,True,True,True,True,True,True,True,True,True,True,True,True,False,True
2026-09-28 11:00:00+00:00,r0191_c0195,696450.0,9317450.0,106.77539136980208,-6.1720434622376965,0.20832904,2026-09-14 02:59:57.427524+00:00,2026-09-24 19:02:20+00:00,LC08_L2SP_122064_20260914_02_T1,344.0007,0.034393437,2026-09-14 02:59:57.427524+00:00,2026-09-24 19:02:20+00:00,LC08_L2SP_122064_20260914_02_T1,344.0007,,,,,,0.0001589836,2026-09-26 06:38:58.789000+00:00,2026-09-26 07:21:24+00:00,S5P_L2_NO2____20260926T063616_20260926T064116_46391,52.350338,68.76654,2026-09-17 23:59:59+00:00,2026-09-25 11:02:41+00:00,VNP46A2.A2026260.h28v09.002.2026268110241.h5,251.00027,29.8,64.0,0.4,207.0,540.0,0.5,1010.4,2026-09-28 11:00:00+00:00,4,130.0,2026-09-27 08:00:00+00:00,2026-09-27 09:00:00+00:00,2026-09-27 15:30:03+00:00,6.500833511352539,26.0,59.653236,2026-09-27 08:00:00+00:00,2026-09-27 09:00:00+00:00,2026-09-27 15:30:03+00:00,6.500833511352539,26.0,403,42.526802,True,True,True,True,True,True,True,True,True,True,True,True,True,False,True
2026-09-28 12:00:00+00:00,r0152_c0183,695250.0,9321350.0,106.76443366245394,-6.136815899115804,0.111438856,2026-09-14 02:59:57.427524+00:00,2026-09-24 19:02:20+00:00,LC08_L2SP_122064_20260914_02_T1,345.0007,0.17421931,2026-09-14 02:59:57.427524+00:00,2026-09-24 19:02:20+00:00,LC08_L2SP_122064_20260914_02_T1,345.0007,,,,,,6.869898e-05,2026-09-26 06:38:59.629000+00:00,2026-09-26 07:21:24+00:00,S5P_L2_NO2____20260926T063616_20260926T064116_46391,53.3501,43.003826,2026-09-17 23:59:59+00:00,2026-09-25 11:02:41+00:00,VNP46A2.A2026260.h28v09.002.2026268110241.h5,252.00027,30.2,61.0,2.5,176.0,770.0,0.8,1011.2,2026-09-28 12:00:00+00:00,4,130.0,2026-09-27 08:00:00+00:00,2026-09-27 09:00:00+00:00,2026-09-27 15:30:03+00:00,6.500833511352539,27.0,59.653236,2026-09-27 08:00:00+00:00,2026-09-27 09:00:00+00:00,2026-09-27 15:30:03+00:00,6.500833511352539,27.0,142,53.161633,True,True,True,True,True,True,True,True,True,True,True,True,True,False,True
2026-09-28 12:00:00+00:00,r0155_c0409,717850.0,9321050.0,106.9685975521839,-6.1388163403512275,0.36475468,2026-09-14 02:59:57.427524+00:00,2026-09-24 19:02:20+00:00,LC08_L2SP_122064_20260914_02_T1,345.0007,-0.022654997,2026-09-14 02:59:57.427524+00:00,2026-09-24 19:02:20+00:00,LC08_L2SP_122064_20260914_02_T1,345.0007,,,,,,4.9399972e-05,2026-09-27 06:20:18.833000+00:00,2026-09-27 07:01:50+00:00,S5P_L2_NO2____20260927T061616_20260927T062116_46405,29.661436,16.748083,2026-09-17 23:59:59+00:00,2026-09-25 11:02:41+00:00,VNP46A2.A2026260.h28v09.002.2026268110241.h5,252.00027,30.2,61.0,2.5,176.0,770.0,0.8,1011.2,2026-09-28 12:00:00+00:00,5,104.0,2026-09-27 08:00:00+00:00,2026-09-27 09:00:00+00:00,2026-09-27 15:30:03+00:00,6.500833511352539,27.0,45.205112,2026-09-27 08:00:00+00:00,2026-09-27 09:00:00+00:00,2026-09-27 15:30:03+00:00,6.500833511352539,27.0,169,67.45943,True,True,True,True,True,True,True,True,True,True,True,True,True,False,True
2026-09-28 20:00:00+00:00,r0130_c0329,709850.0,9323550.0,106.89625327019883,-6.116474091503342,0.35272563,2026-09-06 03:00:01.974991+00:00,2026-09-07 10:55:03+00:00,LC09_L2SP_122064_20260906_02_T1,544.99945,-0.117234,2026-09-06 03:00:01.974991+00:00,2026-09-07 10:55:03+00:00,LC09_L2SP_122064_20260906_02_T1,544.99945,,,,,,8.748479e-05,2026-09-27 06:20:18.833000+00:00,2026-09-27 07:01:50+00:00,S5P_L2_NO2____20260927T061616_20260927T062116_46405,37.661434,74.51907,2026-09-17 23:59:59+00:00,2026-09-25 11:02:41+00:00,VNP46A2.A2026260.h28v09.002.2026268110241.h5,260.00027,25.1,89.0,0.9,169.0,90.0,0.0,1011.5,2026-09-28 20:00:00+00:00,8,78.4375,2026-09-28 08:00:00+00:00,2026-09-28 09:00:00+00:00,2026-09-28 15:22:16+00:00,6.371110916137695,11.0,7.1966977,2026-09-28 08:00:00+00:00,2026-09-28 09:00:00+00:00,2026-09-28 15:22:16+00:00,6.371110916137695,11.0,25,76.73597,True,True,True,True,True,True,True,True,True,True,True,True,True,False,True
2026-09-28 20:00:00+00:00,r0256_c0221,699050.0,9310950.0,106.7990799721761,-6.230736075330706,,,,,,,,,,,,,,,,0.00025940195,2026-09-26 06:38:57.949000+00:00,2026-09-26 07:21:24+00:00,S5P_L2_NO2____20260926T063616_20260926T064116_46391,61.35057,71.42796,2026-09-17 23:59:59+00:00,2026-09-25 11:02:41+00:00,VNP46A2.A2026260.h28v09.002.2026268110241.h5,260.00027,25.1,89.0,0.9,169.0,90.0,0.0,1011.5,2026-09-28 20:00:00+00:00,4,142.0,2026-09-28 08:00:00+00:00,2026-09-28 09:00:00+00:00,2026-09-28 15:22:16+00:00,6.371110916137695,11.0,61.404526,2026-09-28 08:00:00+00:00,2026-09-28 09:00:00+00:00,2026-09-28 15:22:16+00:00,6.371110916137695,11.0,654,162.16298,True,True,True,True,True,True,True,True,True,True,True,False,False,False,True
2026-09-28 21:00:00+00:00,r0268_c0345,711450.0,9309750.0,106.91115349707836,-6.241191387513144,0.293427,2026-09-14 02:59:57.427524+00:00,2026-09-24 19:02:20+00:00,LC08_L2SP_122064_20260914_02_T1,354.0007,-0.00896014,2026-09-14 02:59:57.427524+00:00,2026-09-24 19:02:20+00:00,LC08_L2SP_122064_20260914_02_T1,354.0007,,,,,,0.00012774055,2026-09-25 06:57:43.668000+00:00,2026-09-25 07:40:05+00:00,S5P_L2_NO2____20260925T065616_20260925T070116_46377,86.03787,37.896095,2026-09-17 23:59:59+00:00,2026-09-25 11:02:41+00:00,VNP46A2.A2026260.h28v09.002.2026268110241.h5,261.00027,25.3,87.0,1.4,90.0,50.0,0.0,1011.4,2026-09-28 21:00:00+00:00,5,88.6875,2026-09-28 08:00:00+00:00,2026-09-28 09:00:00+00:00,2026-09-28 15:22:16+00:00,6.371110916137695,12.0,34.58793,2026-09-28 08:00:00+00:00,2026-09-28 09:00:00+00:00,2026-09-28 15:22:16+00:00,6.371110916137695,12.0,703,106.65581,True,True,True,True,True,True,True,True,True,True,True,True,True,False,True
2026-09-28 21:00:00+00:00,r0304_c0218,698750.0,9306150.0,106.79651752876133,-6.274145766946374,0.21021019,2026-09-06 03:00:01.974991+00:00,2026-09-07 10:55:03+00:00,LC09_L2SP_122064_20260906_02_T1,545.99945,0.050723672,2026-09-06 03:00:01.974991+00:00,2026-09-07 10:55:03+00:00,LC09_L2SP_122064_20260906_02_T1,545.99945,,,,,,0.00021291518,2026-09-25 06:57:44.508000+00:00,2026-09-25 07:40:05+00:00,S5P_L2_NO2____20260925T065616_20260925T070116_46377,86.037636,51.344013,2026-09-17 23:59:59+00:00,2026-09-25 11:02:41+00:00,VNP46A2.A2026260.h28v09.002.2026268110241.h5,261.00027,25.3,87.0,1.4,90.0,50.0,0.0,1011.4,2026-09-28 21:00:00+00:00,4,142.0,2026-09-28 08:00:00+00:00,2026-09-28 09:00:00+00:00,2026-09-28 15:22:16+00:00,6.371110916137695,12.0,61.404526,2026-09-28 08:00:00+00:00,2026-09-28 09:00:00+00:00,2026-09-28 15:22:16+00:00,6.371110916137695,12.0,837,185.14429,True,True,True,True,True,True,True,True,True,True,True,True,True,False,True
2026-09-29 00:00:00+00:00,r0180_c0232,700150.0,9318550.0,106.80878471985592,-6.161985022004573,0.19063386,2026-09-14 02:59:57.427524+00:00,2026-09-24 19:02:20+00:00,LC08_L2SP_122064_20260914_02_T1,357.0007,0.040140267,2026-09-14 02:59:57.427524+00:00,2026-09-24 19:02:20+00:00,LC08_L2SP_122064_20260914_02_T1,357.0007,,,,,,0.00019474493,2026-09-26 06:38:58.789000+00:00,2026-09-26 07:21:24+00:00,S5P_L2_NO2____20260926T063616_20260926T064116_46391,65.350334,62.426514,2026-09-17 23:59:59+00:00,2026-09-25 11:02:41+00:00,VNP46A2.A2026260.h28v09.002.2026268110241.h5,264.00027,27.3,77.0,3.1,126.0,285.0,0.0,1012.3,2026-09-29 00:00:00+00:00,4,142.0,2026-09-28 08:00:00+00:00,2026-09-28 09:00:00+00:00,2026-09-28 15:22:16+00:00,6.371110916137695,15.0,61.404526,2026-09-28 08:00:00+00:00,2026-09-28 09:00:00+00:00,2026-09-28 15:22:16+00:00,6.371110916137695,15.0,348,144.8267,True,True,True,True,True,True,True,True,True,True,True,True,True,False,True
2026-09-29 01:00:00+00:00,r0174_c0268,703750.0,9319150.0,106.84128844663552,-6.156448753441758,0.29794416,2026-09-06 03:00:01.974991+00:00,2026-09-07 10:55:03+00:00,LC09_L2SP_122064_20260906_02_T1,549.99945,-0.08236959,2026-09-06 03:00:01.974991+00:00,2026-09-07 10:55:03+00:00,LC09_L2SP_122064_20260906_02_T1,549.99945,,,,,,0.00019474493,2026-09-26 06:38:58.789000+00:00,2026-09-26 07:21:24+00:00,S5P_L2_NO2____20260926T063616_20260926T064116_46391,66.350334,62.890553,2026-09-17 23:59:59+00:00,2026-09-25 11:02:41+00:00,VNP46A2.A2026260.h28v09.002.2026268110241.h5,265.00027,28.7,71.0,4.9,94.0,775.0,0.0,1012.9,2026-09-29 01:00:00+00:00,4,142.0,2026-09-28 08:00:00+00:00,2026-09-28 09:00:00+00:00,2026-09-28 15:22:16+00:00,6.371110916137695,16.0,61.404526,2026-09-28 08:00:00+00:00,2026-09-28 09:00:00+00:00,2026-09-28 15:22:16+00:00,6.371110916137695,16.0,300,97.21643,True,True,True,True,True,True,True,True,True,True,True,True,True,False,True
2026-09-29 01:00:00+00:00,r0205_c0180,694950.0,9316050.0,106.76188155488597,-6.18474722829762,0.24967943,2026-09-06 03:00:01.974991+00:00,2026-09-07 10:55:03+00:00,LC09_L2SP_122064_20260906_02_T1,549.99945,0.022334259,2026-09-06 03:00:01.974991+00:00,2026-09-07 10:55:03+00:00,LC09_L2SP_122064_20260906_02_T1,549.99945,,,,,,0.000120759694,2026-09-26 06:38:58.789000+00:00,2026-09-26 07:21:24+00:00,S5P_L2_NO2____20260926T063616_20260926T064116_46391,66.350334,56.870003,2026-09-17 23:59:59+00:00,2026-09-25 11:02:41+00:00,VNP46A2.A2026260.h28v09.002.2026268110241.h5,265.00027,28.7,71.0,4.9,94.0,775.0,0.0,1012.9,2026-09-29 01:00:00+00:00,4,142.0,2026-09-28 08:00:00+00:00,2026-09-28 09:00:00+00:00,2026-09-28 15:22:16+00:00,6.371110916137695,16.0,61.404526,2026-09-28 08:00:00+00:00,2026-09-28 09:00:00+00:00,2026-09-28 15:22:16+00:00,6.371110916137695,16.0,480,158.01582,True,True,True,True,True,True,True,True,True,True,True,True,True,False,True
2026-09-29 01:00:00+00:00,r0259_c0342,711150.0,9310650.0,106.90841358556844,-6.233064148366538,0.24951334,2026-09-14 02:59:57.427524+00:00,2026-09-24 19:02:20+00:00,LC08_L2SP_122064_20260914_02_T1,358.0007,0.061070286,2026-09-14 02:59:57.427524+00:00,2026-09-24 19:02:20+00:00,LC08_L2SP_122064_20260914_02_T1,358.0007,,,,,,0.00012590848,2026-09-25 06:57:44.508000+00:00,2026-09-25 07:40:05+00:00,S5P_L2_NO2____20260925T065616_20260925T070116_46377,90.037636,41.528934,2026-09-17 23:59:59+00:00,2026-09-25 11:02:41+00:00,VNP46A2.A2026260.h28v09.002.2026268110241.h5,265.00027,28.7,71.0,4.9,94.0,775.0,0.0,1012.9,2026-09-29 01:00:00+00:00,5,88.6875,2026-09-28 08:00:00+00:00,2026-09-28 09:00:00+00:00,2026-09-28 15:22:16+00:00,6.371110916137695,16.0,34.58793,2026-09-28 08:00:00+00:00,2026-09-28 09:00:00+00:00,2026-09-28 15:22:16+00:00,6.371110916137695,16.0,664,105.57635,True,True,True,True,True,True,True,True,True,True,True,True,True,False,True
2026-09-29 02:00:00+00:00,r0287_c0300,706950.0,9307850.0,106.87055695240323,-6.258516042279621,0.13016713,2026-09-14 02:59:57.427524+00:00,2026-09-24 19:02:20+00:00,LC08_L2SP_122064_20260914_02_T1,359.0007,0.13355806,2026-09-14 02:59:57.427524+00:00,2026-09-24 19:02:20+00:00,LC08_L2SP_122064_20260914_02_T1,359.0007,,,,,,0.0001541981,2026-09-25 06:57:43.668000+00:00,2026-09-25 07:40:05+00:00,S5P_L2_NO2____20260925T065616_20260925T070116_46377,91.03787,43.299267,2026-09-16 23:59:59+00:00,2026-09-24 09:50:23+00:00,VNP46A2.A2026259.h28v09.002.2026267095023.h5,290.00027,30.3,64.0,7.2,86.0,990.0,0.0,1013.0,2026-09-29 02:00:00+00:00,4,142.0,2026-09-28 08:00:00+00:00,2026-09-28 09:00:00+00:00,2026-09-28 15:22:16+00:00,6.371110916137695,17.0,61.404526,2026-09-28 08:00:00+00:00,2026-09-28 09:00:00+00:00,2026-09-28 15:22:16+00:00,6.371110916137695,17.0,790,65.01045,True,True,True,True,True,True,True,True,True,True,True,True,True,False,True
2026-09-29 04:00:00+00:00,r0213_c0216,698550.0,9315250.0,106.7944306174804,-6.191871794703115,0.162887,2026-09-14 02:59:57.427524+00:00,2026-09-24 19:02:20+00:00,LC08_L2SP_122064_20260914_02_T1,361.0007,0.11464432,2026-09-14 02:59:57.427524+00:00,2026-09-24 19:02:20+00:00,LC08_L2SP_122064_20260914_02_T1,361.0007,,,,,,0.0001589836,2026-09-26 06:38:58.789000+00:00,2026-09-26 07:21:24+00:00,S5P_L2_NO2____20260926T063616_20260926T064116_46391,69.350334,63.303566,2026-09-17 23:59:59+00:00,2026-09-25 11:02:41+00:00,VNP46A2.A2026260.h28v09.002.2026268110241.h5,268.00027,32.6,56.0,7.5,79.0,1225.0,0.1,1011.5,2026-09-29 04:00:00+00:00,4,142.0,2026-09-28 08:00:00+00:00,2026-09-28 09:00:00+00:00,2026-09-28 15:22:16+00:00,6.371110916137695,19.0,61.404526,2026-09-28 08:00:00+00:00,2026-09-28 09:00:00+00:00,2026-09-28 15:22:16+00:00,6.371110916137695,19.0,513,144.47508,True,True,True,True,True,True,True,True,True,True,True,True,True,False,True
2026-09-29 07:00:00+00:00,r0181_c0233,700250.0,9318450.0,106.80969119266096,-6.162886128802601,0.25190273,2026-09-14 02:59:57.427524+00:00,2026-09-24 19:02:20+00:00,LC08_L2SP_122064_20260914_02_T1,364.0007,0.010911216,2026-09-14 02:59:57.427524+00:00,2026-09-24 19:02:20+00:00,LC08_L2SP_122064_20260914_02_T1,364.0007,,,,,,0.00019474493,2026-09-26 06:38:58.789000+00:00,2026-09-26 07:21:24+00:00,S5P_L2_NO2____20260926T063616_20260926T064116_46391,72.350334,62.359207,2026-09-17 23:59:59+00:00,2026-09-25 11:02:41+00:00,VNP46A2.A2026260.h28v09.002.2026268110241.h5,271.00027,32.1,60.0,13.6,352.0,820.0,1.7,1009.0,2026-09-29 07:00:00+00:00,4,142.0,2026-09-28 08:00:00+00:00,2026-09-28 09:00:00+00:00,2026-09-28 15:22:16+00:00,6.371110916137695,22.0,61.404526,2026-09-28 08:00:00+00:00,2026-09-28 09:00:00+00:00,2026-09-28 15:22:16+00:00,6.371110916137695,22.0,355,59.921467,True,True,True,True,True,True,True,True,True,True,True,True,True,False,True
2026-09-29 09:00:00+00:00,r0155_c0353,712250.0,9321050.0,106.91801275154486,-6.139000049939916,0.17801271,2026-09-14 02:59:57.427524+00:00,2026-09-24 19:02:20+00:00,LC08_L2SP_122064_20260914_02_T1,366.0007,0.06065522,2026-09-14 02:59:57.427524+00:00,2026-09-24 19:02:20+00:00,LC08_L2SP_122064_20260914_02_T1,366.0007,,,,,,6.97273e-05,2026-09-29 07:22:59.913000+00:00,2026-09-29 08:04:37+00:00,S5P_L2_NO2____20260929T072116_20260929T072616_46434,1.6166909,55.128674,2026-09-17 23:59:59+00:00,2026-09-25 11:02:41+00:00,VNP46A2.A2026260.h28v09.002.2026268110241.h5,273.00027,31.1,62.0,10.7,31.0,975.0,0.3,1008.7,2026-09-29 09:00:00+00:00,5,88.6875,2026-09-28 08:00:00+00:00,2026-09-28 09:00:00+00:00,2026-09-28 15:22:16+00:00,6.371110916137695,24.0,34.58793,2026-09-28 08:00:00+00:00,2026-09-28 09:00:00+00:00,2026-09-28 15:22:16+00:00,6.371110916137695,24.0,166,119.45702,True,True,True,True,True,True,True,True,True,True,True,True,True,False,True
2026-09-29 10:00:00+00:00,r0179_c0195,696450.0,9318650.0,106.77535527273966,-6.161193189066754,0.15080245,2026-09-14 02:59:57.427524+00:00,2026-09-24 19:02:20+00:00,LC08_L2SP_122064_20260914_02_T1,367.0007,0.1218383,2026-09-14 02:59:57.427524+00:00,2026-09-24 19:02:20+00:00,LC08_L2SP_122064_20260914_02_T1,367.0007,,,,,,0.0001589836,2026-09-26 06:38:58.789000+00:00,2026-09-26 07:21:24+00:00,S5P_L2_NO2____20260926T063616_20260926T064116_46391,75.350334,61.523705,2026-09-17 23:59:59+00:00,2026-09-25 11:02:41+00:00,VNP46A2.A2026260.h28v09.002.2026268110241.h5,274.00027,30.3,68.0,9.3,28.0,770.0,0.2,1008.9,2026-09-29 10:00:00+00:00,4,142.0,2026-09-28 08:00:00+00:00,2026-09-28 09:00:00+00:00,2026-09-28 15:22:16+00:00,6.371110916137695,25.0,61.404526,2026-09-28 08:00:00+00:00,2026-09-28 09:00:00+00:00,2026-09-28 15:22:16+00:00,6.371110916137695,25.0,336,123.152824,True,True,True,True,True,True,True,True,True,True,True,True,True,False,True
2026-09-29 19:00:00+00:00,r0223_c0239,700850.0,9314250.0,106.81524113723745,-6.200842801757793,0.35717174,2026-09-06 03:00:01.974991+00:00,2026-09-07 10:55:03+00:00,LC09_L2SP_122064_20260906_02_T1,567.99945,-0.113342226,2026-09-06 03:00:01.974991+00:00,2026-09-07 10:55:03+00:00,LC09_L2SP_122064_20260906_02_T1,567.99945,,,,,,0.0001406667,2026-09-29 07:22:59.073000+00:00,2026-09-29 08:04:37+00:00,S5P_L2_NO2____20260929T072116_20260929T072616_46434,11.616924,66.059975,2026-09-17 23:59:59+00:00,2026-09-25 11:02:41+00:00,VNP46A2.A2026260.h28v09.002.2026268110241.h5,283.00027,27.3,79.0,3.2,124.0,460.0,0.0,1010.5,2026-09-29 19:00:00+00:00,4,69.8125,2026-09-29 08:00:00+00:00,2026-09-29 09:00:00+00:00,2026-09-29 15:31:23+00:00,6.523055553436279,10.0,40.936348,2026-09-29 08:00:00+00:00,2026-09-29 09:00:00+00:00,2026-09-29 15:31:23+00:00,6.523055553436279,10.0,566,150.00043,True,True,True,True,True,True,True,True,True,True,True,True,True,False,True
2026-09-29 23:00:00+00:00,r0339_c0253,702250.0,9302650.0,106.82825407357845,-6.305681895060614,0.2516982,2026-09-06 03:00:01.974991+00:00,2026-09-07 10:55:03+00:00,LC09_L2SP_122064_20260906_02_T1,571.99945,0.076910794,2026-09-06 03:00:01.974991+00:00,2026-09-07 10:55:03+00:00,LC09_L2SP_122064_20260906_02_T1,571.99945,,,,,,0.00017820855,2026-09-29 07:22:57.393000+00:00,2026-09-29 08:04:37+00:00,S5P_L2_NO2____20260929T072116_20260929T072616_46434,15.617391,38.760326,2026-09-17 23:59:59+00:00,2026-09-25 11:02:41+00:00,VNP46A2.A2026260.h28v09.002.2026268110241.h5,287.00027,26.5,83.0,3.4,205.0,130.0,0.0,1011.4,2026-09-29 23:00:00+00:00,4,69.8125,2026-09-29 08:00:00+00:00,2026-09-29 09:00:00+00:00,2026-09-29 15:31:23+00:00,6.523055553436279,14.0,40.936348,2026-09-29 08:00:00+00:00,2026-09-29 09:00:00+00:00,2026-09-29 15:31:23+00:00,6.523055553436279,14.0,933,157.73602,True,True,True,True,True,True,True,True,True,True,True,True,True,False,True
2026-09-30 01:00:00+00:00,r0139_c0354,712350.0,9322650.0,106.91886434257431,-6.1245309378880455,0.2078121,2026-09-14 02:59:57.427524+00:00,2026-09-24 19:02:20+00:00,LC08_L2SP_122064_20260914_02_T1,382.0007,0.06533476,2026-09-14 02:59:57.427524+00:00,2026-09-24 19:02:20+00:00,LC08_L2SP_122064_20260914_02_T1,382.0007,,,,,,6.97273e-05,2026-09-29 07:22:59.913000+00:00,2026-09-29 08:04:37+00:00,S5P_L2_NO2____20260929T072116_20260929T072616_46434,17.616692,59.30472,2026-09-17 23:59:59+00:00,2026-09-25 11:02:41+00:00,VNP46A2.A2026260.h28v09.002.2026268110241.h5,289.00027,28.9,72.0,2.0,100.0,655.0,0.0,1013.1,2026-09-30 01:00:00+00:00,8,45.25,2026-09-29 08:00:00+00:00,2026-09-29 09:00:00+00:00,2026-09-29 15:31:23+00:00,6.523055553436279,16.0,5.9926877,2026-09-29 08:00:00+00:00,2026-09-29 09:00:00+00:00,2026-09-29 15:31:23+00:00,6.523055553436279,16.0,65,129.18097,True,True,True,True,True,True,True,True,True,True,True,True,True,False,True
2026-09-30 01:00:00+00:00,r0355_c0277,704650.0,9301050.0,106.84999276903054,-6.320071718476594,0.49133262,2026-09-06 03:00:25.891422+00:00,2026-09-07 10:54:59+00:00,LC09_L2SP_122065_20260906_02_T1,573.9928,-0.15233518,2026-09-06 03:00:25.891422+00:00,2026-09-07 10:54:59+00:00,LC09_L2SP_122065_20260906_02_T1,573.9928,,,,,,0.00017820855,2026-09-29 07:22:57.393000+00:00,2026-09-29 08:04:37+00:00,S5P_L2_NO2____20260929T072116_20260929T072616_46434,17.617392,31.617243,2026-09-17 23:59:59+00:00,2026-09-25 11:02:41+00:00,VNP46A2.A2026260.h28v09.002.2026268110241.h5,289.00027,28.9,72.0,2.0,100.0,655.0,0.0,1013.1,2026-09-30 01:00:00+00:00,4,69.8125,2026-09-29 08:00:00+00:00,2026-09-29 09:00:00+00:00,2026-09-29 15:31:23+00:00,6.523055553436279,16.0,40.936348,2026-09-29 08:00:00+00:00,2026-09-29 09:00:00+00:00,2026-09-29 15:31:23+00:00,6.523055553436279,16.0,960,146.8573,True,True,True,True,True,True,True,True,True,True,True,True,True,False,True
2026-09-30 05:00:00+00:00,r0188_c0283,705250.0,9317750.0,106.85488311105973,-6.1690599170492275,0.1726557,2026-09-14 02:59:57.427524+00:00,2026-09-24 19:02:20+00:00,LC08_L2SP_122064_20260914_02_T1,386.0007,0.1145021,2026-09-14 02:59:57.427524+00:00,2026-09-24 19:02:20+00:00,LC08_L2SP_122064_20260914_02_T1,386.0007,,,,,,9.775802e-05,2026-09-29 07:22:59.073000+00:00,2026-09-29 08:04:37+00:00,S5P_L2_NO2____20260929T072116_20260929T072616_46434,21.616924,52.520508,2026-09-17 23:59:59+00:00,2026-09-25 11:02:41+00:00,VNP46A2.A2026260.h28v09.002.2026268110241.h5,293.00027,34.0,48.0,3.7,47.0,1550.0,0.1,1010.5,2026-09-30 05:00:00+00:00,4,69.8125,2026-09-29 08:00:00+00:00,2026-09-29 09:00:00+00:00,2026-09-29 15:31:23+00:00,6.523055553436279,20.0,40.936348,2026-09-29 08:00:00+00:00,2026-09-29 09:00:00+00:00,2026-09-29 15:31:23+00:00,6.523055553436279,20.0,388,86.410286,True,True,True,True,True,True,True,True,True,True,True,True,True,False,True
2026-09-30 07:00:00+00:00,r0255_c0222,699150.0,9311050.0,106.79998042113965,-6.229828817109147,0.42144898,2026-03-14 03:00:05.325622+00:00,2026-03-15 12:40:30+00:00,LC09_L2SP_122064_20260314_02_T1,4803.9985,-0.10117972,2026-03-14 03:00:05.325622+00:00,2026-03-15 12:40:30+00:00,LC09_L2SP_122064_20260314_02_T1,4803.9985,,,,,,0.00025940195,2026-09-26 06:38:57.949000+00:00,2026-09-26 07:21:24+00:00,S5P_L2_NO2____20260926T063616_20260926T064116_46391,96.35057,71.42796,2026-09-17 23:59:59+00:00,2026-09-25 11:02:41+00:00,VNP46A2.A2026260.h28v09.002.2026268110241.h5,295.00027,31.5,59.0,9.5,359.0,675.0,0.8,1009.4,2026-09-30 07:00:00+00:00,4,69.8125,2026-09-29 08:00:00+00:00,2026-09-29 09:00:00+00:00,2026-09-29 15:31:23+00:00,6.523055553436279,22.0,40.936348,2026-09-29 08:00:00+00:00,2026-09-29 09:00:00+00:00,2026-09-29 15:31:23+00:00,6.523055553436279,22.0,652,47.601593,True,True,True,True,True,True,True,True,True,True,True,True,True,False,True
2026-09-30 09:00:00+00:00,r0293_c0190,695950.0,9307250.0,106.77118280475851,-6.264285870564158,0.48467448,2026-09-06 03:00:01.974991+00:00,2026-09-07 10:55:03+00:00,LC09_L2SP_122064_20260906_02_T1,581.99945,-0.10936651,2026-09-06 03:00:01.974991+00:00,2026-09-07 10:55:03+00:00,LC09_L2SP_122064_20260906_02_T1,581.99945,,,,,,0.00022927742,2026-09-29 07:22:58.233000+00:00,2026-09-29 08:04:37+00:00,S5P_L2_NO2____20260929T072116_20260929T072616_46434,25.617157,45.78532,2026-09-17 23:59:59+00:00,2026-09-25 11:02:41+00:00,VNP46A2.A2026260.h28v09.002.2026268110241.h5,297.00027,31.5,54.0,8.5,360.0,1075.0,0.8,1008.9,2026-09-30 09:00:00+00:00,4,69.8125,2026-09-29 08:00:00+00:00,2026-09-29 09:00:00+00:00,2026-09-29 15:31:23+00:00,6.523055553436279,24.0,40.936348,2026-09-29 08:00:00+00:00,2026-09-29 09:00:00+00:00,2026-09-29 15:31:23+00:00,6.523055553436279,24.0,806,82.7087,True,True,True,True,True,True,True,True,True,True,True,True,True,False,True
2026-09-30 12:00:00+00:00,r0311_c0273,704250.0,9305450.0,106.84623748234046,-6.28030199869456,0.21808489,2026-09-14 02:59:57.427524+00:00,2026-09-24 19:02:20+00:00,LC08_L2SP_122064_20260914_02_T1,393.0007,0.13124341,2026-09-14 02:59:57.427524+00:00,2026-09-24 19:02:20+00:00,LC08_L2SP_122064_20260914_02_T1,393.0007,,,,,,0.00016703595,2026-09-29 07:22:58.233000+00:00,2026-09-29 08:04:37+00:00,S5P_L2_NO2____20260929T072116_20260929T072616_46434,28.617157,36.98633,2026-09-17 23:59:59+00:00,2026-09-25 11:02:41+00:00,VNP46A2.A2026260.h28v09.002.2026268110241.h5,300.00027,27.1,80.0,9.5,249.0,250.0,0.0,1011.6,2026-09-30 12:00:00+00:00,4,69.8125,2026-09-29 08:00:00+00:00,2026-09-29 09:00:00+00:00,2026-09-29 15:31:23+00:00,6.523055553436279,27.0,40.936348,2026-09-29 08:00:00+00:00,2026-09-29 09:00:00+00:00,2026-09-29 15:31:23+00:00,6.523055553436279,27.0,869,137.06812,True,True,True,True,True,True,True,True,True,True,True,True,True,False,True
2026-09-30 19:00:00+00:00,r0231_c0354,712350.0,9313450.0,106.91916344513528,-6.207709597125023,0.1391524,2026-09-14 02:59:57.427524+00:00,2026-09-24 19:02:20+00:00,LC08_L2SP_122064_20260914_02_T1,400.0007,0.11859368,2026-09-14 02:59:57.427524+00:00,2026-09-24 19:02:20+00:00,LC08_L2SP_122064_20260914_02_T1,400.0007,,,,,,0.00012590848,2026-09-25 06:57:44.508000+00:00,2026-09-25 07:40:05+00:00,S5P_L2_NO2____20260925T065616_20260925T070116_46377,132.03764,40.492035,2026-09-17 23:59:59+00:00,2026-09-25 11:02:41+00:00,VNP46A2.A2026260.h28v09.002.2026268110241.h5,307.00027,25.1,93.0,3.1,201.0,35.0,1.0,1011.0,2026-09-30 19:00:00+00:00,5,60.125,2026-09-30 08:00:00+00:00,2026-09-30 09:00:00+00:00,2026-09-30 15:39:12+00:00,6.6533331871032715,10.0,32.070457,2026-09-30 08:00:00+00:00,2026-09-30 09:00:00+00:00,2026-09-30 15:39:12+00:00,6.6533331871032715,10.0,600,96.153824,True,True,True,True,True,True,True,True,True,True,True,True,True,False,True
2026-09-30 19:00:00+00:00,r0236_c0181,695050.0,9312950.0,106.7628781038871,-6.212774260366175,0.17971237,2026-09-14 02:59:57.427524+00:00,2026-09-24 19:02:20+00:00,LC08_L2SP_122064_20260914_02_T1,400.0007,0.14716306,2026-09-14 02:59:57.427524+00:00,2026-09-24 19:02:20+00:00,LC08_L2SP_122064_20260914_02_T1,400.0007,,,,,,0.00025940195,2026-09-26 06:38:57.949000+00:00,2026-09-26 07:21:24+00:00,S5P_L2_NO2____20260926T063616_20260926T064116_46391,108.35057,49.164795,2026-09-17 23:59:59+00:00,2026-09-25 11:02:41+00:00,VNP46A2.A2026260.h28v09.002.2026268110241.h5,307.00027,25.1,93.0,3.1,201.0,35.0,1.0,1011.0,2026-09-30 19:00:00+00:00,4,85.4375,2026-09-30 08:00:00+00:00,2026-09-30 09:00:00+00:00,2026-09-30 15:39:12+00:00,6.6533331871032715,10.0,53.96155,2026-09-30 08:00:00+00:00,2026-09-30 09:00:00+00:00,2026-09-30 15:39:12+00:00,6.6533331871032715,10.0,609,147.86061,True,True,True,True,True,True,True,True,True,True,True,True,True,False,True
2026-09-30 21:00:00+00:00,r0359_c0295,706450.0,9300650.0,106.86627152124892,-6.32363015029774,0.27967286,2026-09-06 03:00:25.891422+00:00,2026-09-07 10:54:59+00:00,LC09_L2SP_122065_20260906_02_T1,593.9928,0.059410777,2026-09-06 03:00:25.891422+00:00,2026-09-07 10:54:59+00:00,LC09_L2SP_122065_20260906_02_T1,593.9928,,,,,,0.00014832709,2026-09-21 06:32:37.345000+00:00,2026-09-21 07:14:57+00:00,S5P_L2_NO2____20260921T063116_20260921T063616_46320,230.4563,38.0105,2026-09-16 23:59:59+00:00,2026-09-24 09:50:23+00:00,VNP46A2.A2026259.h28v09.002.2026267095023.h5,333.00027,25.6,87.0,1.5,353.0,55.0,0.0,1011.0,2026-09-30 21:00:00+00:00,4,85.4375,2026-09-30 08:00:00+00:00,2026-09-30 09:00:00+00:00,2026-09-30 15:39:12+00:00,6.6533331871032715,12.0,53.96155,2026-09-30 08:00:00+00:00,2026-09-30 09:00:00+00:00,2026-09-30 15:39:12+00:00,6.6533331871032715,12.0,963,143.68117,True,True,True,True,True,True,True,True,True,True,True,True,True,False,True
